U_value_W_m2K,hot_inlet_temp_C,hot_outlet_temp_C,cold_inlet_temp_C,cold_outlet_temp_C,hot_flow_rate_kg_s,cold_flow_rate_kg_s,LMTD_C,heat_duty_kW,pressure_drop_hot_kPa,pressure_drop_cold_kPa,fouling_resistance_m2K_W,hot_side_velocity_m_s,cold_side_velocity_m_s,ambient_temp_C,condition_label
413.63,179.51,128.58,40.24,91.01,25.074,20.217,88.42,2856.4,39.44,29.29,0.0002,1.323,1.001,28.33,normal
406.48,181.48,130.81,39.66,88.52,24.404,20.154,92.05,2690.5,38.6,31.71,0.000216,1.122,0.983,29.84,normal
406.8,178.02,129.75,39.77,90.09,24.786,20.175,88.95,2630.8,39.73,31.46,0.000215,1.19,1.003,28.21,normal
411.0,180.26,130.3,40.55,90.23,25.316,20.385,89.89,2755.4,40.96,31.43,0.000194,1.251,0.962,33.7,normal
414.69,180.96,129.83,39.6,91.63,25.342,20.018,89.78,2873.3,40.76,31.23,0.000196,1.25,1.071,34.12,normal
414.96,181.03,131.32,40.32,90.0,24.907,20.074,91.01,2752.6,39.06,29.93,0.000194,1.117,1.05,27.99,normal
409.07,178.45,131.26,39.96,88.91,25.238,20.882,90.42,2654.8,39.48,32.71,0.000207,1.151,0.91,28.34,normal
415.54,177.93,128.87,41.36,89.92,25.034,19.979,87.76,2693.3,39.7,30.57,0.000199,1.194,0.962,30.37,normal
414.07,182.66,130.35,41.17,89.46,23.872,20.4,91.18,2749.4,37.48,30.93,0.000209,1.158,0.998,31.55,normal
415.16,179.4,129.7,38.57,91.58,23.035,20.028,89.47,2538.8,35.53,30.46,0.00019,1.165,0.974,31.01,normal
413.3,177.7,128.84,39.84,90.6,26.387,19.771,88.05,2841.2,43.94,29.37,0.000219,1.185,0.914,31.49,normal
412.04,178.31,130.65,40.72,90.37,25.499,19.772,88.93,2681.2,42.51,29.75,0.000199,1.191,1.028,32.21,normal
411.06,180.18,129.93,39.55,90.14,24.966,19.59,90.21,2766.0,38.72,29.11,0.000208,1.253,0.952,32.69,normal
414.78,181.93,130.45,40.82,90.92,23.957,20.006,90.32,2721.0,37.82,28.43,0.000198,1.113,1.028,34.1,normal
413.5,180.15,132.49,40.34,89.45,24.235,19.698,91.42,2539.2,36.77,29.26,0.000195,1.252,1.019,30.61,normal
414.68,181.96,131.38,40.6,88.94,25.814,19.788,91.89,2884.0,42.72,28.34,0.000206,1.187,1.061,29.28,normal
406.78,180.49,131.19,39.94,87.86,23.327,20.609,91.94,2493.8,34.53,31.08,0.00021,1.227,0.964,30.12,normal
418.25,180.86,129.59,40.31,91.29,24.805,19.933,89.42,2787.6,38.5,28.49,0.000198,1.181,1.074,34.92,normal
410.42,181.62,128.82,40.53,90.54,25.521,20.569,89.68,2931.9,40.99,32.21,0.000198,1.317,0.951,32.04,normal
410.87,179.58,131.32,38.52,90.64,25.086,20.132,90.86,2661.9,41.79,30.17,0.000208,1.108,1.06,31.79,normal
409.73,180.59,129.7,39.08,90.03,25.453,20.43,90.59,2831.8,40.67,30.86,0.00019,1.258,1.043,33.11,normal
416.66,179.56,130.05,38.98,91.82,24.921,19.694,89.4,2728.9,40.39,30.17,0.00019,1.177,1.018,32.89,normal
416.5,179.18,129.66,41.7,88.88,26.436,20.073,89.13,2912.6,44.48,30.81,0.000205,1.187,0.956,35.23,normal
417.97,181.12,130.1,40.31,91.31,24.383,21.317,89.8,2706.1,38.55,33.47,0.000192,1.27,1.065,28.66,normal
417.47,178.9,132.41,40.38,89.06,24.183,20.412,90.94,2454.3,37.99,29.46,0.00019,1.189,1.033,30.76,normal
409.07,180.25,129.69,40.18,89.49,25.165,20.5,90.14,2808.5,41.1,31.89,0.00019,1.245,0.933,31.9,normal
411.07,178.94,129.72,39.48,88.65,25.858,20.115,90.27,2837.5,41.34,30.1,0.000194,1.272,0.896,32.04,normal
412.94,179.99,130.2,39.25,90.08,24.966,20.427,90.43,2755.1,39.96,30.87,0.00019,1.169,0.974,29.53,normal
411.28,179.33,130.29,40.86,89.66,25.629,19.417,89.55,2777.5,42.18,29.03,0.00019,1.301,0.966,26.95,normal
416.7,181.76,128.8,39.63,90.45,24.681,19.572,90.24,2875.1,38.54,28.35,0.0002,1.263,1.029,29.76,normal
411.66,180.24,128.31,41.59,89.27,24.289,20.212,88.83,2764.5,38.5,30.61,0.000211,1.187,1.005,28.88,normal
413.24,180.23,129.42,40.2,88.45,25.84,20.407,90.49,2899.4,41.47,31.82,0.000197,1.211,1.013,30.09,normal
416.08,182.59,129.78,40.1,90.6,25.941,19.792,90.83,3026.9,43.47,29.9,0.000191,1.164,0.98,32.6,normal
408.73,175.77,129.25,39.78,91.37,25.92,19.903,86.91,2657.7,42.1,29.29,0.000205,1.214,1.038,31.76,normal
408.2,178.43,129.06,39.93,90.73,24.737,19.816,88.41,2672.7,39.12,30.75,0.000209,1.243,0.977,27.92,normal
410.37,175.99,129.05,40.04,89.92,24.307,19.902,87.53,2470.1,38.81,30.65,0.000196,1.25,0.939,28.73,normal
413.47,180.08,129.65,41.54,90.38,24.298,19.396,88.9,2675.3,39.17,29.96,0.000207,1.21,0.903,30.69,normal
411.92,180.75,129.97,42.35,88.03,24.865,19.279,90.14,2768.9,39.27,28.15,0.000213,1.173,1.021,32.65,normal
415.29,181.05,128.35,38.84,89.61,25.349,19.954,90.47,2910.3,40.4,30.05,0.000198,1.167,0.976,30.15,normal
418.29,180.48,129.43,40.26,91.25,25.306,19.126,89.2,2851.0,41.86,28.52,0.00019,1.152,0.931,30.73,normal
407.38,178.77,130.37,40.72,90.46,24.139,19.505,88.98,2535.1,34.82,29.07,0.000204,1.185,0.965,27.12,normal
410.38,182.7,129.88,39.1,89.02,25.117,19.664,92.23,2912.0,41.71,29.24,0.000203,1.23,0.984,29.24,normal
411.13,180.53,128.73,39.37,90.83,25.011,19.467,89.53,2860.0,41.52,28.62,0.000213,1.169,1.028,28.6,normal
409.83,179.68,129.62,39.55,89.83,25.054,20.112,89.96,2780.4,39.13,30.06,0.00019,1.165,0.914,30.65,normal
412.34,178.38,129.96,37.59,90.78,24.986,19.77,89.97,2668.8,41.14,28.86,0.000192,1.147,0.984,29.66,normal
418.1,180.69,130.74,40.66,88.43,24.879,19.952,91.17,2765.1,40.02,29.35,0.00019,1.228,1.03,28.39,normal
418.41,179.32,128.35,39.96,89.39,25.356,19.486,89.16,2829.3,41.49,28.95,0.00019,1.187,1.02,27.95,normal
416.35,179.38,130.67,39.91,90.32,25.076,19.62,89.91,2668.5,37.99,28.75,0.000202,1.118,1.034,30.63,normal
411.92,180.37,129.56,40.09,90.27,25.135,20.246,89.79,2837.5,40.03,29.6,0.000206,1.255,1.08,28.83,normal
413.62,180.38,130.18,40.26,90.58,24.586,20.171,89.86,2694.0,38.64,30.51,0.000191,1.253,0.966,32.54,normal
413.81,178.82,130.79,42.33,89.86,25.237,19.757,88.71,2663.5,40.57,30.83,0.000217,1.199,0.976,30.48,normal
409.87,181.93,129.18,40.19,89.69,24.927,20.171,90.6,2849.6,39.58,31.65,0.00021,1.181,1.044,29.6,normal
412.75,178.54,129.23,40.85,90.45,23.731,20.082,88.24,2603.8,36.26,28.69,0.000208,1.197,1.066,32.04,normal
416.66,178.37,129.9,39.49,90.89,25.29,20.067,88.93,2715.9,38.13,29.55,0.000205,1.153,1.015,27.66,normal
409.61,180.51,130.79,40.36,88.24,24.841,20.785,91.34,2698.8,39.54,32.89,0.000211,1.249,0.988,32.04,normal
412.42,180.23,129.42,39.69,89.62,25.556,19.786,90.17,2813.2,40.95,29.49,0.00019,1.269,0.955,28.64,normal
411.56,180.15,128.62,39.86,89.7,24.903,20.196,89.6,2830.2,39.76,30.66,0.000207,1.25,1.026,31.64,normal
413.71,179.42,129.33,39.1,90.1,24.943,20.197,89.77,2756.2,39.48,30.5,0.000207,1.211,1.015,28.71,normal
416.24,180.1,130.35,39.19,91.09,25.127,19.869,90.08,2780.4,40.37,29.7,0.00019,1.211,0.959,28.16,normal
412.68,179.19,131.16,40.47,88.49,24.993,19.403,90.7,2688.6,40.33,27.63,0.000204,1.226,0.981,26.29,normal
415.3,177.56,129.46,40.76,90.56,24.732,20.33,87.85,2623.9,40.98,31.85,0.000197,1.285,0.962,30.2,normal
405.65,181.14,129.72,40.47,88.01,23.924,20.115,91.17,2701.6,36.3,29.57,0.000209,1.159,1.025,31.11,normal
410.74,178.51,129.78,39.34,89.15,26.106,20.009,89.9,2793.4,44.9,29.91,0.000195,1.199,0.996,27.2,normal
413.45,179.69,129.83,40.33,89.4,24.053,19.995,89.89,2631.6,37.08,31.22,0.0002,1.165,1.052,33.78,normal
408.89,181.13,129.05,37.47,89.65,24.795,19.993,91.53,2807.0,38.61,30.89,0.000204,1.138,1.056,30.06,normal
409.86,180.07,129.52,40.96,89.3,25.392,19.535,89.66,2801.7,39.72,28.75,0.00019,1.216,1.015,27.75,normal
407.4,184.14,130.23,39.98,89.37,25.228,20.128,92.5,2990.6,41.63,30.41,0.000207,1.256,1.05,34.15,normal
409.85,177.93,130.06,40.29,89.6,25.34,19.079,89.05,2627.8,39.51,27.09,0.000199,1.146,1.044,29.25,normal
411.21,178.91,130.03,41.18,89.64,25.462,19.967,89.05,2705.4,42.34,29.57,0.000206,1.248,1.063,33.12,normal
410.33,180.16,128.95,39.59,87.95,25.758,19.232,90.78,2933.1,42.55,27.77,0.000194,1.233,0.983,24.24,normal
411.46,182.06,129.52,40.98,88.36,25.178,19.803,91.1,2894.2,40.18,30.67,0.000213,1.222,1.027,34.55,normal
417.55,179.65,129.3,39.58,89.45,26.744,20.336,89.97,2983.1,44.65,30.64,0.000207,1.267,1.077,30.48,normal
412.69,177.88,131.0,40.56,90.55,24.392,19.848,88.87,2543.6,38.74,30.05,0.000198,1.166,1.03,30.07,normal
416.02,181.74,131.47,39.61,91.03,25.136,19.737,91.28,2780.9,40.67,29.71,0.000208,1.28,0.986,30.75,normal
411.29,178.64,130.42,40.32,93.01,24.783,20.233,87.85,2650.6,40.35,31.11,0.000215,1.18,1.012,27.68,normal
405.29,179.72,131.72,41.48,89.96,24.673,19.842,90.01,2601.7,39.41,29.56,0.000221,1.225,1.095,32.0,normal
413.66,181.34,129.66,39.37,89.11,25.172,19.772,91.26,2840.5,40.0,29.98,0.00019,1.122,0.988,30.99,normal
407.61,179.02,129.76,39.41,90.1,25.875,19.779,89.63,2802.0,43.27,29.64,0.000211,1.247,0.978,30.74,normal
414.58,179.34,128.71,39.69,90.69,24.574,20.731,88.84,2739.5,37.7,32.15,0.000206,1.2,1.04,28.89,normal
409.0,180.75,130.19,40.32,90.13,24.573,20.307,90.24,2737.2,39.61,30.47,0.000199,1.171,0.988,27.66,normal
419.18,179.71,129.51,42.78,88.82,25.435,20.214,88.79,2811.8,41.32,28.88,0.00019,1.148,0.94,30.81,normal
412.31,180.45,130.17,39.44,89.77,25.326,19.379,90.7,2791.7,40.11,29.07,0.000215,1.208,0.939,31.77,normal
407.48,178.6,130.44,37.98,89.93,26.175,20.283,90.55,2800.2,42.45,31.38,0.00019,1.266,1.004,30.35,normal
414.43,179.84,129.78,39.37,88.39,25.617,19.326,90.92,2816.9,41.59,27.88,0.000207,1.225,0.978,29.65,normal
415.63,178.38,128.97,38.44,88.56,25.138,20.212,90.18,2722.4,38.88,30.6,0.000216,1.181,1.062,28.98,normal
411.79,177.68,129.92,39.47,91.29,24.802,19.414,88.4,2630.0,40.8,28.68,0.00019,1.161,0.979,31.54,normal
416.91,182.65,129.89,40.04,87.54,25.129,20.948,92.45,2892.1,41.32,31.85,0.000196,1.147,0.948,33.07,normal
408.26,180.69,129.99,39.07,90.16,24.895,19.129,90.73,2777.5,38.63,28.27,0.00019,1.183,0.972,29.74,normal
413.23,181.39,130.66,39.34,89.67,24.181,20.582,91.51,2736.5,37.61,32.2,0.000203,1.119,0.954,28.29,normal
403.95,178.56,129.9,38.15,91.38,25.005,20.371,89.44,2679.1,41.98,31.89,0.000218,1.179,1.05,35.16,normal
410.43,179.97,129.9,40.21,90.49,24.895,19.083,89.58,2778.7,40.49,28.53,0.000224,1.252,0.971,26.84,normal
408.3,179.7,131.69,39.28,89.03,24.86,19.85,91.54,2620.4,38.6,28.1,0.00019,1.196,1.065,30.59,normal
404.81,177.88,131.03,41.12,91.36,24.742,20.692,88.21,2537.9,37.14,32.33,0.000193,1.191,1.027,29.84,normal
412.8,180.83,129.95,41.08,89.31,26.014,20.538,90.18,2908.7,41.51,31.22,0.000208,1.168,1.086,32.77,normal
417.65,178.92,129.2,39.16,92.04,25.418,19.141,88.45,2767.5,42.7,28.79,0.000219,1.233,0.999,29.77,normal
409.9,179.7,129.57,39.66,91.76,25.562,19.71,88.92,2811.3,42.03,30.13,0.000205,1.23,1.038,26.62,normal
417.28,177.73,130.35,40.09,89.89,24.635,19.383,89.05,2557.9,37.67,29.02,0.000191,1.27,0.919,27.71,normal
412.62,181.5,130.84,40.79,90.8,24.386,19.457,90.37,2738.9,39.0,28.54,0.000204,1.164,0.985,30.28,normal
411.75,181.15,132.36,38.36,90.18,24.83,19.648,92.48,2676.0,39.16,31.3,0.0002,1.143,0.974,30.01,normal
415.42,180.6,129.73,39.96,88.99,25.146,20.889,90.68,2809.5,39.77,32.42,0.000198,1.168,1.051,28.69,normal
420.1,178.64,130.13,41.9,91.14,24.793,20.035,87.86,2628.2,38.89,29.29,0.000191,1.137,0.999,28.9,normal
407.73,179.2,129.67,39.95,90.42,24.887,19.856,89.25,2793.6,39.29,30.45,0.000205,1.196,1.031,26.83,normal
414.19,181.84,130.09,40.26,90.89,25.577,19.801,90.39,2907.7,43.39,28.37,0.000204,1.177,0.975,27.0,normal
414.24,179.59,129.6,40.04,91.15,25.18,20.301,89.0,2805.2,39.59,32.37,0.000199,1.155,0.952,28.76,normal
408.31,180.41,128.93,38.84,91.53,24.41,20.314,89.48,2735.9,37.92,31.69,0.000197,1.196,1.001,28.63,normal
420.21,180.22,131.0,40.99,91.12,24.743,19.509,89.55,2661.6,40.58,29.77,0.00019,1.249,1.057,29.76,normal
420.66,178.33,130.11,40.31,89.89,24.605,20.702,89.12,2641.7,40.36,32.78,0.000194,1.234,1.002,27.62,normal
407.06,182.29,131.38,40.2,89.99,25.109,19.427,91.74,2785.8,39.58,28.95,0.000214,1.166,1.067,33.29,normal
419.32,177.03,129.49,40.77,90.44,24.3,19.829,87.65,2515.5,40.05,28.52,0.000198,1.2,0.991,26.44,normal
414.75,180.34,130.25,40.83,89.86,24.893,20.193,89.95,2742.7,40.78,30.08,0.00019,1.214,0.99,31.86,normal
409.56,179.87,130.77,38.14,89.63,25.416,20.823,91.43,2728.1,40.01,32.9,0.000216,1.23,0.989,31.2,normal
417.02,177.58,128.19,40.52,91.98,25.017,19.795,86.63,2712.0,41.94,29.38,0.000206,1.18,0.993,33.34,normal
409.37,180.5,128.9,39.46,90.37,24.452,20.111,89.79,2781.0,37.37,30.87,0.000225,1.132,0.975,32.93,normal
413.85,180.79,130.75,40.2,92.06,24.63,20.619,89.63,2734.3,39.63,31.19,0.000201,1.215,0.994,27.36,normal
419.1,180.08,130.1,39.33,89.15,25.075,20.279,90.85,2763.0,39.08,30.17,0.000194,1.15,0.971,30.82,normal
419.06,178.76,128.18,39.18,89.95,25.29,20.531,88.91,2822.6,39.08,31.72,0.00019,1.18,0.962,31.67,normal
413.28,180.68,129.4,41.0,89.42,25.502,20.487,89.82,2911.4,42.57,32.11,0.000216,1.183,1.065,32.04,normal
402.75,181.68,129.21,40.04,89.37,24.913,20.097,90.73,2912.0,40.67,30.6,0.000231,1.242,1.038,31.16,normal
409.03,180.34,129.53,39.76,89.68,24.21,20.283,90.21,2698.5,37.67,30.03,0.00019,1.175,0.992,28.93,normal
418.11,182.59,131.53,39.76,89.86,25.855,20.426,92.25,2858.9,42.69,29.87,0.000192,1.206,0.98,32.77,normal
408.38,181.3,129.5,40.13,89.48,25.179,19.954,90.59,2845.0,40.53,31.58,0.000207,1.187,0.94,29.87,normal
415.07,181.16,132.01,40.03,91.96,25.244,20.767,90.58,2757.5,40.45,31.23,0.00019,1.171,1.028,29.11,normal
409.64,182.09,129.76,37.68,90.73,25.183,18.975,91.72,2888.4,39.47,26.63,0.000197,1.242,0.977,30.5,normal
412.92,179.01,129.28,39.18,89.18,24.378,19.507,89.97,2650.4,38.8,28.14,0.000196,1.175,1.083,29.2,normal
407.98,179.23,131.58,39.82,89.39,24.808,20.689,90.8,2590.3,39.51,32.65,0.000202,1.222,0.934,28.75,normal
416.32,180.78,131.06,40.8,90.72,25.154,20.181,90.15,2792.8,40.42,30.05,0.000213,1.211,1.018,30.38,normal
409.23,180.79,131.38,41.42,90.59,25.62,19.646,90.08,2787.3,41.24,29.51,0.0002,1.106,1.054,35.54,normal
410.55,182.27,132.03,39.12,89.26,25.036,20.157,92.96,2759.1,40.01,30.79,0.000211,1.115,0.982,30.79,normal
413.05,181.73,131.07,42.0,91.0,23.128,20.511,89.89,2561.1,33.27,30.51,0.000195,1.04,1.087,30.3,normal
416.4,180.27,131.26,40.16,88.41,24.855,19.688,91.48,2653.6,39.34,29.35,0.000204,1.212,1.045,29.21,normal
409.59,180.34,128.32,40.55,89.48,25.212,20.352,89.3,2957.0,39.64,30.01,0.00019,1.211,1.045,30.86,normal
414.44,179.6,129.21,39.53,91.88,25.776,19.907,88.7,2857.7,43.54,29.64,0.00019,1.172,0.97,27.71,normal
410.49,179.47,130.54,39.46,87.1,25.427,19.911,91.72,2741.8,40.46,30.46,0.00021,1.171,1.046,31.14,normal
415.91,179.34,130.23,41.51,89.78,26.494,19.933,89.14,2855.5,43.96,29.65,0.000193,1.182,1.046,30.7,normal
413.31,181.37,130.8,39.85,91.03,25.855,20.524,90.64,2904.7,42.63,30.8,0.000207,1.166,1.01,30.32,normal
410.11,179.31,129.61,39.97,89.8,25.809,19.408,89.58,2797.7,43.26,28.17,0.000207,1.196,1.077,31.12,normal
411.0,179.49,131.26,41.23,89.05,25.566,19.784,90.23,2665.4,42.37,29.44,0.000216,1.195,1.018,29.74,normal
409.88,180.26,132.11,41.8,88.97,24.171,20.299,90.8,2547.1,37.81,31.19,0.00021,1.153,0.913,31.51,normal
412.41,179.25,130.71,38.57,87.65,25.508,19.359,91.87,2733.5,43.83,26.6,0.000212,1.268,1.018,31.25,normal
412.71,179.68,130.87,39.89,88.55,25.36,19.178,91.05,2781.5,41.03,26.37,0.000199,1.249,1.076,31.29,normal
411.98,176.75,130.54,40.07,90.07,24.684,20.253,88.57,2508.8,39.42,31.08,0.000192,1.178,0.98,30.15,normal
414.25,180.59,130.96,41.9,89.38,25.352,19.969,90.13,2747.7,43.73,29.83,0.000191,1.307,1.035,31.95,normal
415.12,179.58,130.26,42.55,89.98,25.251,19.895,88.64,2735.2,39.84,29.73,0.000194,1.321,0.979,29.77,normal
422.49,180.32,129.55,40.03,89.84,24.721,20.039,90.0,2743.1,40.16,30.28,0.00019,1.26,1.005,32.79,normal
412.25,180.59,130.24,40.46,90.31,24.926,19.482,90.03,2742.6,40.23,28.49,0.000193,1.258,0.895,29.91,normal
414.11,177.26,130.15,40.95,88.19,24.842,21.425,89.14,2578.0,38.24,33.6,0.000199,1.169,0.931,32.77,normal
417.45,183.66,128.56,41.24,89.64,25.138,19.476,90.63,3055.5,39.83,28.72,0.000203,1.182,0.993,30.67,normal
406.26,180.3,130.28,39.77,89.63,24.745,19.751,90.59,2707.8,40.1,29.86,0.000196,1.12,0.981,30.08,normal
408.45,180.34,130.07,40.95,89.66,25.327,19.258,89.9,2829.8,39.51,28.29,0.00019,1.178,0.929,28.08,normal
408.83,177.41,130.25,39.39,89.03,23.849,19.76,89.62,2473.6,36.56,29.37,0.000199,1.247,1.033,31.44,normal
411.98,181.04,129.53,37.41,87.59,24.831,20.731,92.78,2817.9,40.48,31.2,0.000203,1.178,1.019,30.88,normal
419.18,180.74,130.63,38.71,90.6,23.989,19.978,91.02,2632.6,37.1,30.25,0.000213,1.114,0.968,30.25,normal
413.04,179.59,130.72,40.31,90.84,24.71,20.266,89.58,2667.2,39.55,29.87,0.000207,1.278,0.92,30.99,normal
418.39,180.52,129.35,40.88,92.58,25.31,19.727,88.2,2860.7,40.24,28.73,0.000192,1.297,1.028,30.42,normal
413.55,182.08,130.37,37.84,90.79,25.013,20.875,91.91,2863.8,39.42,32.52,0.000191,1.274,0.984,28.27,normal
400.15,179.67,131.02,38.29,91.63,24.934,20.05,90.36,2649.6,39.59,30.46,0.000224,1.12,1.033,27.74,normal
403.2,178.83,130.86,40.07,90.59,25.041,19.344,89.51,2660.0,39.92,29.2,0.000209,1.239,1.05,31.45,normal
412.7,182.19,129.31,36.72,89.44,25.942,20.353,92.67,3004.7,43.76,31.87,0.000222,1.156,0.989,30.52,normal
409.18,180.6,129.24,40.67,90.38,24.336,19.784,89.4,2753.6,38.58,30.04,0.000226,1.19,0.993,33.27,normal
409.98,179.94,130.06,41.14,88.73,25.533,20.272,90.06,2821.8,43.5,30.48,0.00019,1.234,1.034,34.28,normal
415.97,183.67,129.04,37.12,90.23,24.092,20.038,92.67,2934.7,38.04,30.13,0.000205,1.275,0.992,31.85,normal
406.52,180.46,132.55,40.88,89.84,24.72,20.1,91.14,2595.3,39.56,30.13,0.000205,1.167,0.922,31.47,normal
415.67,179.96,129.28,39.92,88.81,25.098,20.037,90.25,2771.5,42.62,31.53,0.000207,1.181,1.027,31.32,normal
416.82,180.62,129.29,41.54,91.29,24.489,19.516,88.54,2770.1,38.53,29.12,0.000207,1.135,1.015,30.37,normal
409.75,179.62,130.68,40.4,91.2,25.123,19.217,89.35,2736.9,39.59,27.42,0.000202,1.199,0.979,28.85,normal
408.61,180.54,129.57,39.88,90.49,25.437,20.456,89.87,2845.4,41.46,30.59,0.000202,1.15,1.023,24.76,normal
417.51,180.44,127.7,40.24,90.89,24.284,19.9,88.5,2880.4,36.88,30.71,0.00019,1.174,0.986,31.72,normal
409.35,179.23,129.87,41.07,91.79,24.954,20.111,88.12,2664.1,40.38,29.61,0.000198,1.237,0.985,31.36,normal
417.4,179.83,129.03,40.32,89.86,24.774,19.736,89.34,2807.7,40.71,29.58,0.000191,1.198,1.034,30.23,normal
408.4,180.68,129.5,40.17,88.52,23.836,18.957,90.74,2714.6,37.37,27.39,0.000202,1.205,0.945,30.42,normal
416.63,180.78,128.4,38.68,88.96,24.888,19.33,90.77,2897.4,39.27,29.05,0.000194,1.213,0.935,32.15,normal
411.91,181.08,129.16,40.62,90.71,24.521,20.666,89.45,2781.5,38.61,31.2,0.000207,1.238,0.994,32.04,normal
409.66,181.38,129.91,40.16,90.19,25.803,19.575,90.47,2957.8,42.99,29.32,0.00021,1.267,0.947,30.55,normal
409.08,180.58,129.94,41.98,88.36,24.475,19.777,90.07,2757.5,39.73,29.59,0.000204,1.14,1.036,29.65,normal
413.03,180.98,128.91,40.12,91.42,26.02,19.234,89.17,3013.4,42.65,28.63,0.000204,1.118,0.97,31.39,normal
406.03,179.63,129.27,40.05,90.23,24.68,19.704,89.31,2729.7,38.69,30.29,0.000201,1.225,0.93,31.8,normal
412.8,179.81,129.13,39.51,91.76,26.163,19.781,88.83,2912.5,44.49,29.49,0.000195,1.234,0.984,34.69,normal
411.79,181.75,130.1,40.86,91.24,25.324,19.857,89.88,2911.3,41.16,29.44,0.000198,1.269,0.91,28.29,normal
416.23,177.23,129.82,39.94,89.53,25.272,19.93,88.78,2646.2,41.13,30.51,0.000194,1.238,1.056,31.18,normal
407.66,180.74,128.76,39.43,90.08,25.483,19.651,89.99,2906.3,41.96,28.0,0.000205,1.285,0.999,28.35,normal
418.81,184.92,130.59,41.75,89.21,25.541,19.68,92.24,3033.3,40.81,29.29,0.0002,1.225,1.028,29.23,normal
410.57,177.4,129.32,41.93,89.05,25.842,19.96,87.87,2741.3,42.43,29.18,0.000207,1.167,1.021,34.97,normal
410.57,182.42,130.34,39.69,89.68,26.04,20.128,91.69,2951.0,44.1,29.39,0.00019,1.249,1.009,29.31,normal
415.89,177.53,129.13,39.12,90.49,24.792,19.896,88.52,2655.5,39.42,28.57,0.000211,1.153,0.958,29.9,normal
420.23,180.7,130.24,41.28,91.5,24.25,20.838,89.08,2697.2,37.67,31.0,0.000191,1.164,1.033,28.97,normal
413.69,182.58,129.83,39.31,89.04,23.397,20.069,92.02,2677.7,35.8,30.85,0.000191,1.219,0.987,31.93,normal
410.13,182.37,130.0,42.98,90.78,24.768,20.047,89.29,2866.3,39.72,30.82,0.000198,1.186,0.969,29.29,normal
414.06,178.77,130.44,40.01,90.06,25.456,19.638,89.57,2738.2,43.85,29.12,0.000193,1.246,0.918,26.74,normal
409.83,178.17,130.41,41.11,89.75,25.227,20.479,88.85,2658.7,39.91,32.16,0.000203,1.18,1.053,30.44,normal
412.93,177.96,130.11,38.85,91.25,25.069,19.454,88.97,2607.1,40.34,28.57,0.000193,1.291,0.991,31.85,normal
420.01,181.18,130.1,40.11,89.63,24.79,19.157,90.77,2771.9,41.4,27.38,0.00019,1.148,0.984,30.1,normal
415.93,179.52,128.69,41.25,91.52,24.616,19.478,87.72,2775.1,38.94,27.76,0.00019,1.234,0.923,30.47,normal
410.69,180.11,130.0,40.59,89.56,24.83,20.275,89.98,2705.6,40.15,31.51,0.000216,1.174,1.038,28.72,normal
413.96,180.48,127.78,39.61,89.01,25.233,19.393,89.81,2917.3,39.25,29.04,0.000201,1.27,0.996,28.22,normal
414.35,180.7,127.73,42.61,90.86,23.941,20.612,87.46,2820.3,37.97,32.68,0.00019,1.17,1.042,30.15,normal
415.77,180.89,129.63,40.89,88.43,25.437,19.954,90.59,2862.4,42.14,29.25,0.0002,1.237,0.999,27.81,normal
417.63,180.27,129.72,39.92,88.73,24.125,19.207,90.66,2669.4,38.34,27.68,0.00019,1.04,0.966,29.23,normal
407.92,177.67,131.59,39.54,89.69,24.905,19.85,90.0,2546.2,39.9,28.74,0.000221,1.16,1.023,28.1,normal
414.92,182.26,130.6,39.88,90.03,24.619,20.856,91.47,2839.9,39.28,33.27,0.00019,1.282,0.937,29.65,normal
420.31,175.95,131.08,41.51,89.7,24.778,19.535,87.9,2457.3,39.4,29.38,0.000206,1.209,0.937,31.76,normal
413.21,181.93,129.69,39.38,87.83,24.371,19.31,92.19,2768.5,39.16,28.64,0.000207,1.203,0.998,30.05,normal
413.91,179.17,130.38,40.19,88.57,24.307,20.221,90.4,2569.4,38.02,30.6,0.00019,1.244,1.031,32.45,normal
419.4,179.77,131.13,39.33,90.57,24.86,20.618,90.49,2655.5,40.44,31.62,0.000204,1.32,1.046,30.87,normal
410.85,179.28,130.57,41.41,90.54,24.347,20.472,88.95,2565.2,37.01,31.13,0.000212,1.143,0.996,29.85,normal
408.05,179.51,130.35,39.99,88.89,26.473,19.8,90.49,2862.5,44.13,30.39,0.000206,1.195,0.996,28.25,normal
414.67,180.03,130.08,41.02,90.3,24.747,20.058,89.39,2743.7,36.5,29.7,0.000203,1.176,1.009,30.32,normal
407.76,179.64,129.14,40.72,90.19,24.603,20.127,88.94,2667.8,38.91,31.17,0.000211,1.234,0.992,27.72,normal
410.77,178.41,129.09,39.57,91.13,24.667,20.551,88.4,2673.4,39.85,31.76,0.000202,1.164,0.98,31.66,normal
413.3,181.33,128.58,40.86,89.21,24.353,21.039,89.91,2835.9,37.97,32.12,0.000204,1.121,1.021,27.34,normal
412.66,179.19,130.36,41.1,91.63,23.522,19.91,88.41,2514.3,38.19,28.63,0.000198,1.123,0.98,27.24,normal
408.88,182.07,129.76,39.0,89.65,24.842,20.614,91.58,2870.4,38.69,31.15,0.000208,1.232,0.991,28.34,normal
412.63,179.83,129.3,40.86,91.61,25.182,19.792,88.33,2813.3,40.2,29.43,0.00019,1.21,1.049,26.66,normal
409.15,179.0,130.39,43.73,90.99,24.094,20.259,87.34,2604.0,36.66,29.79,0.00021,1.242,1.009,30.31,normal
417.96,180.71,129.4,39.86,88.93,24.999,19.498,90.66,2891.4,39.51,29.17,0.000194,1.119,0.98,28.5,normal
412.03,181.39,131.0,40.8,89.7,24.27,19.582,90.94,2699.8,37.46,29.8,0.00019,1.154,1.029,29.14,normal
410.1,178.67,131.89,38.81,90.32,24.974,20.172,90.69,2548.9,38.54,30.95,0.000204,1.172,0.995,31.36,normal
416.54,179.63,130.58,40.62,91.02,25.211,19.516,89.29,2695.8,39.98,27.57,0.00022,1.241,1.027,25.55,normal
408.95,182.2,129.39,39.56,88.45,25.287,20.408,91.77,2908.0,43.05,29.38,0.000212,1.221,0.965,29.58,normal
419.11,178.56,128.5,40.93,89.49,25.257,19.689,88.32,2800.8,40.49,29.87,0.000194,1.191,0.969,30.82,normal
416.03,178.78,132.03,40.1,90.67,24.573,20.003,90.01,2537.2,39.82,31.28,0.000208,1.149,0.942,32.18,normal
413.24,180.31,130.42,38.97,90.56,25.523,19.922,90.59,2814.1,40.26,29.49,0.000195,1.209,1.046,30.36,normal
408.13,178.23,128.81,41.26,88.89,24.726,19.797,88.45,2694.5,39.11,29.88,0.000199,1.176,1.057,28.71,normal
414.25,176.36,131.05,39.94,89.05,25.205,20.03,89.2,2554.2,41.15,29.89,0.000201,1.244,1.049,32.0,normal
416.91,177.55,128.33,39.13,90.51,25.418,20.504,88.12,2781.4,41.05,30.88,0.00019,1.288,1.015,31.99,normal
415.84,180.62,129.56,40.22,88.9,24.813,21.517,90.52,2813.8,39.0,35.05,0.000202,1.206,1.008,34.63,normal
414.81,181.04,129.74,39.18,90.29,24.224,19.371,90.65,2717.8,37.61,27.9,0.00019,1.144,0.991,34.51,normal
418.49,180.94,129.62,40.55,91.04,25.363,20.114,89.49,2856.8,41.09,31.0,0.000192,1.32,1.024,29.66,normal
419.42,180.64,128.85,40.09,90.05,24.325,19.876,89.67,2739.8,38.91,31.05,0.00019,1.232,0.993,32.91,normal
410.87,178.21,132.35,39.78,87.1,24.46,19.508,91.83,2452.6,39.66,28.6,0.00019,1.227,0.959,30.52,normal
419.56,181.07,129.59,40.83,91.32,24.333,20.107,89.25,2759.7,36.79,31.79,0.00019,1.206,1.041,28.0,normal
411.77,181.78,130.44,38.87,91.23,25.5,19.525,91.06,2850.8,39.58,27.8,0.00021,1.208,1.036,31.54,normal
407.48,179.01,130.18,41.14,91.46,24.897,19.925,88.29,2659.8,39.84,30.73,0.00022,1.203,1.021,32.78,normal
411.78,181.47,128.4,38.13,90.98,23.645,20.584,90.38,2812.9,36.19,31.62,0.0002,1.213,0.998,25.26,normal
417.19,179.51,129.54,41.78,88.11,25.436,18.954,89.57,2792.3,42.2,29.4,0.000213,1.124,0.984,32.83,normal
416.83,180.34,130.19,40.34,91.59,26.237,20.088,89.3,2858.3,44.7,30.29,0.000197,1.164,1.004,28.39,normal
408.29,180.61,130.9,39.89,90.41,26.075,20.188,90.6,2821.1,42.49,29.89,0.00019,1.196,1.009,33.39,normal
412.83,177.83,129.65,39.41,91.05,24.654,19.486,88.5,2611.9,41.09,29.95,0.000202,1.208,0.953,30.58,normal
411.45,182.26,130.39,40.71,89.83,25.041,20.226,91.05,2879.9,40.46,29.47,0.000205,1.21,0.982,30.4,normal
413.11,178.77,129.65,39.99,89.77,25.3,20.14,89.33,2733.4,39.11,30.75,0.000195,1.222,0.958,32.96,normal
410.43,179.91,130.59,39.98,89.76,25.53,19.79,90.38,2792.8,42.56,28.88,0.000204,1.108,1.045,29.41,normal
406.58,179.32,127.59,41.2,91.74,25.015,20.57,86.98,2856.0,40.43,32.74,0.000207,1.151,0.945,34.39,normal
417.57,180.75,130.58,39.72,90.34,24.337,19.311,90.63,2659.2,38.4,28.1,0.00019,1.167,0.951,28.11,normal
411.27,180.71,129.37,39.92,89.82,25.447,20.286,90.17,2901.4,39.72,31.47,0.00019,1.207,0.964,28.85,normal
412.0,180.09,129.41,40.59,88.64,25.363,19.847,90.13,2817.8,40.75,29.57,0.000197,1.191,1.006,27.85,normal
411.17,182.18,127.17,41.24,90.55,24.196,19.436,88.75,2977.2,37.87,27.63,0.000197,1.3,0.963,31.19,normal
411.02,180.48,128.93,40.0,90.05,24.773,19.875,89.68,2796.1,39.2,27.97,0.000196,1.181,1.071,29.93,normal
413.44,179.46,130.69,40.32,90.13,25.155,19.79,89.85,2696.7,41.33,30.98,0.000212,1.187,1.029,31.72,normal
410.69,175.74,132.45,40.2,90.99,24.992,20.374,88.45,2367.9,41.57,31.42,0.000221,1.121,0.903,32.32,normal
411.34,179.64,129.29,40.91,90.83,25.308,19.217,88.59,2797.8,42.41,27.02,0.000195,1.292,1.009,31.71,normal
408.11,179.63,129.4,41.66,89.99,25.471,19.867,88.68,2827.2,42.75,29.49,0.000208,1.204,1.013,32.29,normal
409.29,178.75,130.57,39.21,90.2,25.318,19.736,89.95,2680.6,40.97,30.2,0.000211,1.194,0.948,32.31,normal
413.95,178.77,130.38,40.02,90.05,24.924,20.751,89.54,2684.4,41.71,31.02,0.000213,1.167,0.995,29.89,normal
409.52,180.95,129.59,40.11,90.68,24.184,19.405,89.87,2744.8,38.29,30.43,0.000222,1.203,1.002,28.54,normal
411.98,181.63,129.9,40.75,90.73,25.363,20.493,90.02,2927.4,42.07,31.26,0.00021,1.182,0.973,28.04,normal
406.93,182.9,129.84,41.67,90.01,25.834,19.086,90.51,3018.9,42.69,27.55,0.000228,1.259,0.994,31.59,normal
403.82,181.78,131.0,40.14,88.79,26.178,20.135,91.92,2958.1,42.94,31.87,0.000249,1.156,1.011,28.96,normal
407.09,179.0,131.1,40.37,90.72,24.973,19.895,89.5,2663.6,38.3,30.26,0.000239,1.176,0.977,28.05,normal
401.91,180.45,131.96,41.3,90.86,24.971,20.152,90.12,2661.7,40.54,29.88,0.000227,1.172,0.996,28.31,normal
410.76,178.02,131.28,38.9,88.57,25.861,19.611,90.91,2724.4,42.65,30.12,0.000246,1.226,0.949,29.59,normal
400.29,181.16,131.14,39.38,90.09,25.856,18.986,91.41,2884.9,43.52,28.2,0.000259,1.212,1.022,30.5,normal
402.01,180.6,130.58,39.7,89.28,25.197,19.189,91.1,2787.7,42.34,29.22,0.000253,1.245,0.972,29.5,normal
409.72,179.15,131.31,40.15,87.34,25.42,20.617,91.48,2671.9,40.49,31.43,0.000247,1.224,1.046,27.91,normal
400.93,179.9,129.64,40.39,89.5,24.535,20.067,89.83,2712.4,38.14,30.03,0.000277,1.223,1.079,31.12,normal
404.94,179.69,132.53,39.63,90.77,25.343,19.528,90.89,2626.3,42.06,29.69,0.000248,1.199,1.065,25.43,normal
398.55,179.11,130.88,41.93,88.76,24.496,20.41,89.65,2607.8,40.1,31.51,0.000274,1.24,0.977,29.34,normal
395.35,182.04,131.99,39.44,88.8,24.905,19.587,92.9,2715.3,40.64,27.85,0.000273,1.219,1.013,32.12,normal
402.96,184.72,129.72,39.95,90.75,24.918,19.589,91.86,3017.9,40.28,29.02,0.000263,1.212,0.986,30.53,normal
401.09,181.3,131.82,41.25,88.2,24.71,19.352,91.82,2676.4,39.15,29.65,0.000297,1.113,1.013,32.42,normal
394.64,181.65,131.15,40.94,88.41,23.725,20.547,91.71,2679.6,37.68,31.84,0.000292,1.17,0.962,30.19,normal
404.68,180.3,130.45,40.14,89.18,24.496,20.939,90.72,2707.5,39.06,34.42,0.000278,1.16,0.955,31.16,normal
391.84,179.54,130.19,40.53,90.05,25.192,19.475,89.57,2778.9,42.72,29.15,0.000304,1.101,0.993,30.05,normal
394.4,183.36,129.92,40.98,90.1,24.955,20.102,91.08,2995.8,42.4,31.14,0.000297,1.258,0.963,29.08,normal
400.77,179.51,132.48,40.14,88.91,24.755,20.445,91.47,2575.7,40.1,30.76,0.000284,1.266,1.045,30.73,normal
395.93,180.66,132.06,40.81,89.03,25.249,21.014,91.44,2752.1,42.86,33.24,0.000304,1.246,1.024,31.95,normal
395.81,179.89,131.09,39.22,89.36,25.405,18.757,91.2,2738.3,43.38,27.6,0.00032,1.219,1.007,25.91,normal
389.36,180.95,131.25,40.22,88.78,25.5,20.026,91.6,2805.9,44.34,31.77,0.000329,1.264,0.988,28.27,normal
388.46,179.99,130.33,38.48,88.26,24.507,20.278,91.79,2655.7,42.14,32.16,0.000328,1.106,0.987,25.63,normal
385.01,180.95,129.25,39.24,87.99,25.004,19.215,91.48,2848.1,42.83,29.93,0.000332,1.253,1.032,28.01,normal
385.81,178.16,129.38,38.99,89.91,24.79,20.158,89.32,2698.8,42.39,30.07,0.000342,1.088,0.996,27.28,normal
386.76,179.91,130.53,41.41,88.9,24.463,20.053,90.06,2672.4,41.44,31.49,0.000338,1.197,0.994,28.92,normal
382.28,182.12,131.15,39.67,92.15,24.092,20.315,90.72,2693.8,39.45,32.31,0.00036,1.193,1.067,29.29,normal
389.48,178.51,130.08,40.44,89.74,24.931,19.662,89.2,2658.7,42.28,29.67,0.000352,1.213,0.998,31.85,normal
385.09,179.06,132.09,39.2,88.19,24.466,20.162,91.88,2511.5,41.33,31.95,0.000359,1.22,0.982,32.41,normal
379.28,182.12,131.88,39.93,88.96,26.282,19.651,92.55,2890.0,47.99,30.01,0.000367,1.222,0.983,28.23,normal
397.08,180.67,131.41,39.86,89.43,24.931,20.256,91.4,2667.7,43.57,32.53,0.000353,1.153,1.043,28.86,normal
384.11,181.67,129.57,39.27,89.43,24.855,20.032,91.26,2878.7,44.46,31.36,0.000362,1.153,0.972,31.15,normal
377.94,176.71,131.37,41.01,89.28,24.751,19.764,88.88,2498.4,41.31,31.58,0.000393,1.143,0.972,28.55,normal
388.06,180.28,131.47,38.45,89.35,26.115,19.245,91.97,2803.4,46.49,28.9,0.000384,1.191,1.035,29.04,normal
388.18,178.15,130.23,40.77,88.72,24.425,20.776,89.44,2543.4,39.49,35.0,0.000381,1.168,1.038,26.07,normal
378.26,177.97,129.4,42.83,89.5,24.893,20.507,87.52,2655.9,42.31,33.63,0.000394,1.105,1.047,31.36,normal
377.86,180.68,133.45,39.3,91.22,24.528,20.392,91.79,2601.0,40.0,34.36,0.000389,1.232,0.957,30.4,normal
377.48,181.84,132.28,40.16,88.25,24.915,19.62,92.85,2685.2,44.21,30.74,0.000403,1.127,1.008,27.9,normal
385.88,177.82,131.22,38.54,88.36,24.969,19.777,91.06,2548.8,43.86,30.83,0.000396,1.16,0.968,27.15,normal
378.49,178.4,133.33,40.1,89.45,25.649,20.787,91.07,2533.2,44.46,34.44,0.000412,1.146,1.007,27.68,normal
379.27,179.18,132.7,38.36,90.15,24.14,20.325,91.66,2490.6,40.89,32.42,0.000395,1.147,0.928,30.76,normal
376.28,179.87,132.37,40.76,89.43,24.977,19.527,91.02,2580.3,44.51,30.05,0.000435,1.209,0.981,28.87,normal
383.06,178.06,132.0,39.62,89.97,25.96,19.976,90.22,2639.0,48.35,32.02,0.000417,1.148,1.033,27.36,normal
375.13,183.45,132.49,38.24,88.64,24.684,20.024,94.53,2748.7,43.27,32.01,0.000409,1.112,0.998,29.19,normal
375.62,180.94,133.35,38.79,88.3,24.883,19.853,93.59,2598.5,43.54,31.26,0.000431,1.148,0.893,31.62,normal
371.68,179.52,131.98,38.49,89.25,24.458,19.481,91.87,2529.1,42.04,30.43,0.000434,1.13,1.029,32.43,normal
382.55,179.28,131.77,39.81,89.2,23.419,20.581,91.01,2462.7,39.75,33.27,0.000445,1.104,1.003,32.62,normal
382.83,183.55,132.5,40.97,90.37,24.927,20.248,92.35,2789.3,43.91,33.07,0.000434,1.226,0.978,30.15,normal
376.51,183.42,129.29,39.69,90.09,25.695,19.856,91.45,3047.1,45.98,30.96,0.000457,1.236,0.988,30.43,normal
366.74,179.32,132.55,38.9,86.11,24.709,19.168,93.43,2571.9,42.78,31.81,0.000501,1.104,0.973,30.51,normal
376.94,180.57,131.61,39.24,89.3,23.882,19.663,91.82,2583.1,41.61,31.41,0.000447,1.257,1.034,31.28,normal
363.9,181.95,132.2,40.21,87.56,25.15,19.953,93.18,2813.7,44.21,33.21,0.000471,1.268,0.986,31.13,normal
372.63,178.27,132.01,37.6,86.0,25.037,20.39,93.33,2560.6,44.25,32.75,0.000468,1.109,0.924,27.96,normal
365.49,179.17,132.62,40.67,88.67,25.59,19.771,91.22,2624.5,47.28,32.27,0.000479,1.197,0.953,28.42,normal
368.17,182.08,132.23,40.49,88.18,25.536,20.511,92.82,2805.7,45.93,33.88,0.00046,1.165,1.053,29.14,normal
368.57,179.0,132.3,37.57,87.9,24.828,20.027,92.9,2622.3,45.05,33.47,0.000473,1.218,1.032,31.37,normal
366.52,179.4,132.3,41.27,86.72,25.23,19.585,91.85,2647.7,44.49,32.32,0.000497,1.031,1.018,28.89,normal
369.9,178.02,132.88,38.4,87.02,23.91,18.562,92.72,2369.5,42.15,27.39,0.000496,1.206,0.955,28.36,normal
367.0,178.9,132.12,39.84,87.74,25.658,19.371,91.72,2650.8,46.1,32.14,0.000521,1.155,1.007,32.02,normal
368.58,181.07,133.42,41.26,86.48,25.101,19.213,93.37,2620.9,43.71,29.36,0.000498,1.199,1.027,32.91,normal
362.28,178.8,130.88,38.39,87.9,25.641,19.883,91.69,2722.1,46.19,33.72,0.000513,1.217,0.99,28.08,normal
362.98,178.07,133.07,38.17,87.91,25.627,20.126,92.51,2526.5,47.95,33.69,0.000551,1.055,1.013,29.65,mild_fouling
365.37,179.09,133.0,38.91,87.86,24.817,20.655,92.65,2504.5,43.84,33.98,0.000512,1.172,1.031,32.29,normal
369.5,182.7,131.3,38.94,88.34,24.9,19.954,93.36,2829.0,43.46,33.43,0.000515,1.174,1.027,29.12,normal
360.13,180.3,132.27,39.91,87.84,24.465,19.382,92.41,2621.3,44.86,31.36,0.00053,1.202,1.003,31.81,mild_fouling
353.04,179.19,134.06,39.51,86.61,23.75,21.137,93.56,2381.4,40.51,35.88,0.000535,1.228,1.004,27.04,mild_fouling
359.02,180.26,132.73,39.54,86.65,24.911,20.117,93.4,2625.6,45.33,33.1,0.00055,1.208,0.936,29.49,mild_fouling
368.7,180.7,131.95,39.55,87.95,25.082,19.83,92.57,2692.9,46.2,33.18,0.000547,1.134,0.973,31.28,mild_fouling
363.56,180.21,129.81,39.85,88.9,24.338,19.831,90.63,2640.2,42.96,31.65,0.000541,1.207,1.018,33.06,mild_fouling
359.1,177.3,133.26,39.17,87.9,25.417,19.286,91.73,2460.4,47.59,30.6,0.000557,1.133,1.052,31.88,mild_fouling
358.52,180.47,133.3,40.37,86.97,25.049,20.281,93.22,2596.3,47.18,36.08,0.000591,1.205,0.99,26.63,mild_fouling
358.66,179.7,133.72,40.04,87.77,25.262,20.15,92.8,2571.1,46.99,33.46,0.00058,1.16,1.026,26.8,mild_fouling
364.18,181.29,134.8,39.0,85.89,24.528,20.758,95.6,2555.2,45.0,35.8,0.000536,1.163,0.986,28.16,mild_fouling
356.02,177.98,133.04,41.9,86.55,23.931,20.515,91.29,2387.0,42.02,35.49,0.000572,1.176,0.945,31.62,mild_fouling
358.59,181.6,133.15,38.74,87.25,25.457,20.399,94.38,2671.6,46.5,35.5,0.000569,1.092,1.001,31.42,mild_fouling
356.12,179.27,132.52,40.79,87.45,25.356,20.594,91.77,2610.7,47.81,36.27,0.000591,1.152,1.001,32.15,mild_fouling
353.76,177.44,133.1,39.28,87.19,24.924,19.823,92.03,2427.2,45.11,31.13,0.000587,1.11,0.948,31.34,mild_fouling
348.32,182.02,133.38,40.41,87.05,24.737,19.744,93.97,2667.2,46.32,32.81,0.000617,1.211,0.948,28.76,mild_fouling
353.61,179.23,134.11,40.58,86.09,24.824,19.941,93.33,2464.9,46.01,34.68,0.00061,1.228,0.984,29.16,mild_fouling
355.97,180.58,133.94,40.92,86.74,24.908,19.344,93.43,2509.1,46.0,31.34,0.000614,1.095,0.962,28.11,mild_fouling
355.29,179.77,132.59,41.5,87.66,24.685,19.896,91.6,2540.8,46.24,35.06,0.00061,1.057,1.002,31.62,mild_fouling
354.49,181.66,132.9,39.19,85.36,23.783,19.803,95.0,2545.0,43.27,33.54,0.000613,1.178,0.928,27.35,mild_fouling
353.36,181.68,134.83,42.97,86.0,25.46,20.302,93.76,2574.1,45.53,33.98,0.000622,1.137,1.014,30.05,mild_fouling
358.63,181.69,132.63,40.47,86.83,24.093,19.961,93.5,2599.3,43.82,34.52,0.000638,1.119,0.956,30.43,mild_fouling
351.02,181.09,134.3,39.23,88.86,24.79,19.015,93.64,2546.2,46.53,32.74,0.000634,1.275,0.995,32.44,mild_fouling
354.46,177.57,135.13,38.67,88.02,24.806,19.985,92.96,2344.6,46.84,33.5,0.000628,1.144,0.92,28.37,mild_fouling
354.69,177.46,134.36,42.45,88.83,25.147,20.678,90.26,2383.5,47.37,36.89,0.000653,1.113,1.017,30.74,mild_fouling
349.01,180.31,133.89,41.74,88.64,24.022,19.053,91.91,2438.8,42.86,30.67,0.000645,1.15,0.988,27.88,mild_fouling
349.56,178.56,135.01,40.05,86.67,25.714,19.591,93.42,2461.9,49.89,32.54,0.000646,1.177,1.064,32.02,mild_fouling
352.74,180.71,133.97,40.84,87.11,25.384,19.98,93.36,2611.7,49.23,34.25,0.000642,1.24,0.915,29.18,mild_fouling
354.07,180.25,133.67,41.41,85.85,25.453,19.309,93.33,2634.3,46.87,32.61,0.00065,1.178,0.908,29.3,mild_fouling
348.77,177.86,133.51,40.17,88.4,25.752,19.697,91.39,2490.0,48.53,33.69,0.000654,1.102,1.008,27.98,mild_fouling
351.51,178.43,134.69,39.64,88.04,24.513,20.0,92.7,2303.5,44.86,34.31,0.000633,1.14,1.016,28.69,mild_fouling
344.46,178.28,134.65,40.04,87.57,23.111,19.313,92.65,2289.5,39.02,34.45,0.000684,1.249,0.909,28.6,mild_fouling
339.99,178.66,135.5,40.93,87.65,25.192,20.12,92.77,2412.6,47.98,34.12,0.000683,1.076,1.0,28.68,mild_fouling
348.65,179.69,133.58,40.1,87.46,25.78,20.178,92.85,2617.4,51.37,33.63,0.000679,1.158,1.016,32.29,mild_fouling
341.5,181.03,133.77,38.82,87.06,25.691,19.34,94.46,2733.8,49.52,33.18,0.000698,1.216,1.033,27.91,mild_fouling
336.65,182.02,133.62,40.85,87.15,24.673,19.988,93.82,2599.6,47.13,34.85,0.000696,1.172,0.983,30.42,mild_fouling
341.69,178.53,134.37,38.31,88.15,24.94,20.515,93.19,2404.1,47.09,35.25,0.0007,1.149,0.917,31.63,mild_fouling
339.61,179.14,133.16,39.31,86.14,25.166,19.888,93.43,2536.2,48.7,35.54,0.000671,1.118,0.903,27.62,mild_fouling
338.39,182.35,135.04,41.34,85.66,23.911,20.194,95.19,2502.4,45.16,34.85,0.000703,1.166,1.06,25.55,mild_fouling
340.34,181.35,134.57,40.32,86.72,24.595,20.298,94.44,2521.1,48.35,34.74,0.000717,1.183,0.993,30.88,mild_fouling
335.01,180.35,133.39,40.32,87.87,24.614,19.86,92.78,2564.0,47.47,35.0,0.000734,1.167,1.015,26.56,mild_fouling
341.12,176.44,131.47,40.19,86.82,25.946,20.469,90.45,2559.6,53.3,37.19,0.000742,1.205,0.964,28.34,mild_fouling
332.24,178.47,132.61,41.13,86.33,24.606,20.17,91.81,2516.9,47.89,37.62,0.000742,1.165,0.967,29.73,mild_fouling
341.31,180.24,135.66,40.02,87.63,25.939,19.483,94.11,2557.0,51.29,32.08,0.000716,1.22,0.969,30.48,mild_fouling
343.23,179.1,134.1,38.08,86.89,25.005,20.24,94.1,2435.2,49.8,34.58,0.000708,1.165,0.941,29.38,mild_fouling
342.01,183.01,134.62,40.33,84.44,23.992,20.412,96.41,2554.6,44.85,36.31,0.000746,1.199,0.965,28.49,mild_fouling
340.32,180.13,134.03,36.94,85.43,26.329,20.382,95.89,2642.7,53.86,36.07,0.000745,1.14,0.932,31.95,mild_fouling
336.09,180.42,134.98,37.98,84.14,24.415,19.658,96.64,2438.6,49.56,34.22,0.000761,1.238,0.959,30.38,mild_fouling
336.48,178.33,132.6,41.69,86.25,25.37,20.211,91.49,2553.7,51.22,35.38,0.000752,1.216,1.019,33.84,mild_fouling
334.98,178.41,132.59,41.14,85.94,26.023,20.668,91.96,2681.3,52.05,36.26,0.000761,1.188,0.976,28.09,mild_fouling
340.95,178.99,132.83,39.6,87.01,24.679,20.097,92.6,2501.3,48.1,35.16,0.000746,1.108,0.949,29.74,mild_fouling
331.49,179.05,134.76,40.0,88.67,24.262,20.575,92.55,2324.1,46.24,37.91,0.000774,1.162,1.042,29.84,mild_fouling
336.27,179.64,135.35,40.16,85.74,25.625,20.634,94.55,2500.6,51.39,38.11,0.000768,1.012,1.026,31.03,mild_fouling
332.52,180.56,135.24,41.1,86.31,25.039,19.965,94.2,2468.2,48.17,34.92,0.000782,1.135,0.976,30.4,mild_fouling
333.01,180.35,134.69,39.28,85.84,24.264,20.314,94.96,2485.0,47.25,37.07,0.000789,1.16,0.906,29.98,mild_fouling
331.47,181.51,133.52,39.17,83.19,24.351,19.839,96.32,2590.3,45.76,35.42,0.000787,1.111,1.025,33.91,mild_fouling
338.76,177.95,135.68,39.43,85.37,24.766,20.519,94.4,2344.0,49.3,36.99,0.000797,1.159,1.025,29.61,mild_fouling
328.89,180.31,134.6,40.21,85.41,25.578,19.94,94.64,2563.0,52.24,35.23,0.000798,1.183,0.951,30.83,mild_fouling
330.53,180.36,134.98,40.34,86.41,24.828,19.711,94.29,2452.9,50.23,34.95,0.000812,1.237,1.029,30.32,mild_fouling
330.42,182.4,134.94,39.67,85.18,25.393,19.973,96.24,2659.5,53.68,38.03,0.000813,1.151,0.941,28.7,mild_fouling
332.42,179.66,134.48,40.85,84.74,25.992,19.95,94.28,2549.4,51.88,35.76,0.000806,1.076,0.963,31.45,mild_fouling
331.4,180.49,134.26,39.03,86.77,25.762,20.178,94.48,2596.1,51.56,35.69,0.00081,1.038,0.955,26.15,mild_fouling
327.77,178.76,134.67,39.99,85.84,25.863,20.22,93.79,2490.3,52.7,36.73,0.000843,1.14,0.979,32.26,mild_fouling
331.58,180.64,133.82,39.36,85.04,25.739,19.405,95.02,2647.9,52.38,33.63,0.000826,1.193,0.967,26.78,mild_fouling
320.95,180.6,135.51,39.04,85.08,24.035,19.662,95.99,2346.2,47.95,35.98,0.000844,1.202,1.028,29.3,mild_fouling
326.5,179.04,135.07,41.33,85.6,25.734,20.168,93.59,2437.9,52.86,34.93,0.000841,1.153,0.958,30.14,mild_fouling
322.85,179.33,136.21,39.74,86.86,25.197,20.229,94.45,2427.6,50.52,35.93,0.000835,1.117,0.989,28.94,mild_fouling
327.7,179.95,133.4,39.04,87.51,24.925,20.032,93.39,2539.5,49.03,36.86,0.000837,1.115,0.974,28.88,mild_fouling
321.12,180.87,136.51,40.11,84.42,24.349,21.306,96.42,2372.7,47.7,40.94,0.000853,1.141,0.981,32.37,mild_fouling
321.22,178.25,135.32,39.05,87.09,24.047,20.55,93.69,2287.3,46.91,38.14,0.000859,1.151,0.939,34.8,mild_fouling
323.41,181.34,135.3,40.68,85.81,24.333,19.953,95.07,2476.4,48.41,36.81,0.000868,1.175,0.969,32.06,mild_fouling
330.37,179.49,134.51,40.94,86.26,24.987,20.356,93.4,2456.7,49.17,36.31,0.000851,1.153,1.025,30.27,mild_fouling
326.14,182.87,134.61,41.12,86.85,24.295,20.661,94.75,2569.3,48.22,38.83,0.000863,1.243,1.003,28.67,mild_fouling
324.02,182.21,134.02,38.99,84.66,24.51,20.176,96.28,2640.4,49.81,36.1,0.000874,1.153,0.925,28.38,mild_fouling
325.29,179.38,136.62,39.92,86.5,24.63,19.121,94.78,2350.1,50.43,32.8,0.0009,1.167,0.953,32.4,mild_fouling
321.51,179.04,135.16,41.96,84.4,25.4,20.043,93.92,2472.4,50.97,36.82,0.000857,1.197,0.932,31.76,mild_fouling
313.49,183.72,136.4,39.85,85.07,24.823,20.021,97.59,2627.4,51.54,36.07,0.000895,1.189,0.941,32.62,mild_fouling
320.04,180.95,136.46,41.37,84.7,24.912,21.062,95.67,2391.7,51.74,39.86,0.000888,1.114,0.944,31.98,mild_fouling
318.85,180.86,135.26,41.63,87.37,25.796,19.078,93.56,2591.8,54.82,34.25,0.000905,1.066,0.921,32.63,mild_fouling
324.78,179.35,135.47,38.66,87.36,24.807,20.771,94.38,2388.8,49.49,38.42,0.000899,1.082,0.987,28.72,mild_fouling
326.4,179.8,135.49,41.31,86.3,25.36,19.92,93.84,2424.1,51.55,37.05,0.000914,1.16,1.004,28.34,mild_fouling
312.32,181.22,137.02,40.84,85.91,24.366,20.464,95.74,2378.9,49.68,40.38,0.000933,1.169,0.974,27.88,mild_fouling
326.62,180.93,136.05,40.97,84.82,25.197,19.853,95.59,2505.7,51.55,36.27,0.000923,1.158,0.949,29.88,mild_fouling
322.83,178.74,136.13,41.8,87.28,25.072,20.088,92.89,2358.1,50.86,38.04,0.000929,1.179,0.974,29.55,mild_fouling
319.88,181.88,136.72,40.55,86.87,25.105,20.567,95.59,2449.6,53.28,39.54,0.000933,1.203,0.938,30.16,mild_fouling
319.1,180.46,135.85,40.16,86.39,24.72,20.043,94.88,2422.0,51.73,36.05,0.000925,1.105,1.008,27.49,mild_fouling
324.26,178.55,138.14,40.7,85.15,24.382,20.529,95.41,2174.6,50.53,37.8,0.000945,1.262,1.058,30.28,mild_fouling
316.46,181.51,135.13,39.72,84.92,24.82,19.962,96.0,2527.4,52.76,36.96,0.000941,1.267,0.863,31.57,mild_fouling
314.76,179.73,137.29,40.58,85.22,24.719,19.798,95.61,2316.2,51.94,34.66,0.000939,1.177,0.982,30.09,mild_fouling
315.5,181.18,137.56,38.02,86.68,25.62,19.894,97.0,2472.8,53.52,36.88,0.000953,1.131,0.969,24.47,mild_fouling
309.96,179.16,135.04,41.84,84.18,25.545,19.752,94.08,2517.1,55.57,36.6,0.000955,1.152,0.974,29.89,mild_fouling
314.77,180.55,137.18,39.53,85.23,24.279,19.944,96.47,2323.8,50.05,37.57,0.000972,1.071,0.955,29.21,mild_fouling
313.19,177.54,136.56,40.63,86.92,25.376,20.685,93.24,2356.4,54.43,40.03,0.000967,1.14,0.908,31.79,mild_fouling
314.83,180.56,137.14,40.39,86.11,24.712,19.42,95.59,2367.8,53.02,36.48,0.000966,1.1,0.963,29.61,mild_fouling
312.14,177.69,135.3,40.18,86.87,25.275,19.175,92.96,2366.0,54.5,34.59,0.000995,1.132,0.949,31.21,mild_fouling
307.24,180.24,136.74,40.19,85.42,24.711,19.996,95.68,2386.4,53.47,38.68,0.000994,1.121,0.959,29.15,mild_fouling
314.76,176.16,135.59,40.14,85.39,24.117,20.848,93.09,2152.2,49.86,41.03,0.001002,1.234,0.963,30.59,mild_fouling
306.9,179.9,136.21,38.4,86.45,25.61,20.53,95.61,2455.0,55.05,39.89,0.000999,1.095,0.945,31.9,mild_fouling
313.92,181.09,137.93,39.52,85.68,25.271,20.668,96.91,2432.9,53.35,39.78,0.000996,1.151,1.053,29.38,mild_fouling
305.13,180.73,136.38,41.3,85.34,24.265,20.633,95.24,2314.5,50.13,40.56,0.000997,1.117,0.916,30.56,mild_fouling
311.38,181.81,134.32,39.03,84.36,23.865,19.643,96.36,2449.8,47.2,35.87,0.001003,1.211,0.949,30.26,mild_fouling
305.34,178.37,135.33,39.0,83.18,24.679,20.067,95.76,2391.3,52.17,38.69,0.001023,1.184,0.914,31.17,mild_fouling
308.85,182.37,135.55,42.24,86.46,24.291,18.678,94.61,2522.6,50.56,34.35,0.001018,1.062,0.957,29.69,mild_fouling
307.78,182.43,137.59,41.31,84.47,24.782,19.704,97.12,2460.2,51.78,36.15,0.001003,1.089,1.024,30.89,mild_fouling
300.31,178.18,136.06,41.67,83.97,25.372,20.313,94.3,2360.6,52.72,38.2,0.001026,1.147,0.961,26.24,mild_fouling
305.16,178.79,135.1,40.06,85.81,25.881,19.231,94.01,2496.6,54.6,34.6,0.001014,1.106,0.931,29.46,mild_fouling
307.04,179.13,137.97,40.35,83.74,24.786,18.98,96.5,2222.0,53.59,34.56,0.001038,1.154,0.911,31.6,mild_fouling
310.08,179.96,137.01,40.85,83.31,25.826,19.361,96.41,2434.9,55.79,36.05,0.001026,1.138,0.984,31.28,mild_fouling
302.36,180.28,137.14,40.65,84.14,25.699,20.12,96.31,2414.7,57.68,39.07,0.00103,1.083,0.935,27.98,mild_fouling
298.05,176.26,136.17,39.98,84.56,24.739,20.596,93.93,2213.1,52.22,41.75,0.001052,1.118,0.986,28.32,mild_fouling
302.2,180.89,138.42,38.58,84.91,24.0,21.306,97.9,2260.8,50.51,44.09,0.001054,1.154,0.935,30.73,mild_fouling
305.84,179.61,136.75,39.32,85.26,25.512,20.729,95.88,2413.4,54.3,40.79,0.00104,1.129,0.942,30.65,mild_fouling
301.22,178.45,135.18,38.53,85.54,25.366,19.257,94.77,2426.9,55.1,35.52,0.001074,1.137,0.959,30.86,mild_fouling
298.6,181.43,136.19,41.67,84.22,26.413,18.855,95.86,2627.4,60.12,33.71,0.001096,1.146,0.897,30.06,mild_fouling
307.99,179.47,136.17,39.66,84.99,25.859,20.091,95.49,2436.1,57.99,39.18,0.001057,1.126,1.008,30.14,mild_fouling
304.31,181.72,137.21,39.88,84.19,25.471,20.547,97.43,2539.0,58.3,40.96,0.001101,1.191,0.916,32.02,mild_fouling
305.83,180.8,137.93,40.35,83.78,26.014,19.209,97.3,2471.9,59.33,35.47,0.001076,1.07,0.966,28.05,mild_fouling
299.29,179.51,136.5,40.08,84.87,24.373,19.758,95.53,2303.7,50.57,37.48,0.001083,1.152,0.978,27.14,mild_fouling
302.05,181.77,136.7,40.6,84.76,25.118,19.795,96.55,2507.7,55.07,37.73,0.001092,1.104,1.051,31.96,mild_fouling
302.05,181.21,139.42,39.42,86.46,24.838,20.038,97.35,2318.3,53.63,36.48,0.001082,1.149,0.979,28.39,mild_fouling
294.31,179.23,137.61,38.5,84.85,26.048,19.932,96.72,2417.3,58.63,38.51,0.001119,1.166,0.991,31.31,mild_fouling
302.83,177.55,136.95,41.84,83.47,25.342,20.282,94.6,2282.3,56.91,40.0,0.001115,1.157,0.939,28.56,mild_fouling
300.95,179.17,137.43,39.33,84.95,23.167,20.553,96.15,2150.1,49.36,40.5,0.001105,1.159,0.954,27.7,mild_fouling
298.0,180.93,136.24,39.57,83.96,25.826,20.062,96.82,2535.4,57.83,38.11,0.001115,1.163,0.959,33.03,mild_fouling
305.56,179.63,137.94,39.24,86.01,24.46,20.402,96.14,2280.1,53.81,40.1,0.001105,1.153,1.0,29.78,mild_fouling
301.57,182.66,138.53,39.49,82.32,25.471,21.024,99.69,2499.3,58.4,42.88,0.001124,1.115,0.92,27.09,mild_fouling
300.1,180.39,137.14,40.07,83.32,24.718,19.517,97.07,2377.9,53.27,38.81,0.001144,1.159,0.973,29.48,mild_fouling
303.7,180.29,138.51,40.81,83.5,25.153,19.505,97.24,2280.9,57.39,37.92,0.001117,1.172,1.069,29.57,mild_fouling
300.21,180.6,137.38,38.97,84.22,25.388,20.285,97.39,2432.6,58.58,40.45,0.001137,1.166,0.921,29.49,mild_fouling
292.22,178.66,138.06,40.34,83.87,25.123,20.957,96.24,2263.2,56.32,42.47,0.001149,1.137,0.887,30.24,mild_fouling
293.92,179.81,137.15,39.36,82.18,24.435,20.115,97.71,2315.4,55.25,38.55,0.001165,1.136,0.937,27.59,mild_fouling
298.05,178.99,137.16,41.26,81.83,25.847,20.579,96.53,2314.2,59.64,41.0,0.001174,1.029,0.951,29.33,mild_fouling
293.32,176.44,136.33,38.79,84.17,25.246,19.879,94.88,2182.1,57.8,37.62,0.001157,1.085,1.021,30.81,mild_fouling
296.01,177.3,138.06,40.14,85.55,24.998,20.492,94.8,2167.2,56.32,40.83,0.001158,1.114,0.976,31.15,mild_fouling
295.6,181.11,137.71,40.76,85.42,25.432,19.722,96.32,2405.7,56.89,39.23,0.001177,1.168,1.0,30.07,mild_fouling
299.68,179.32,137.7,38.65,83.43,24.688,20.373,97.46,2272.0,54.92,41.48,0.001172,1.178,0.929,28.29,mild_fouling
298.7,179.81,136.87,40.15,84.33,26.141,20.235,96.1,2468.6,60.52,40.92,0.001178,1.128,0.955,25.94,mild_fouling
295.45,177.76,137.01,40.18,82.75,25.145,20.235,95.91,2277.7,56.45,40.42,0.001199,1.067,0.967,32.84,moderate_fouling
290.62,179.1,137.64,39.22,82.05,25.229,20.727,97.74,2288.4,56.34,43.11,0.001212,1.141,0.922,27.65,moderate_fouling
295.51,181.18,138.65,39.81,85.03,25.218,20.574,97.48,2334.0,56.46,41.4,0.001199,1.166,0.966,28.99,moderate_fouling
294.21,180.14,138.47,41.04,84.44,24.463,19.742,96.57,2257.3,52.95,37.05,0.001199,1.155,0.945,29.93,moderate_fouling
290.6,179.21,137.6,40.28,83.25,24.306,20.485,96.64,2219.1,54.92,41.55,0.001213,1.086,0.964,30.8,moderate_fouling
298.03,182.31,138.38,39.61,83.36,25.141,19.194,98.86,2401.0,54.78,36.67,0.001188,1.07,0.902,29.85,mild_fouling
292.68,179.9,140.07,39.82,84.59,25.222,20.539,97.76,2161.1,57.6,40.25,0.001215,1.076,0.877,28.26,moderate_fouling
288.95,179.46,138.35,40.48,83.99,25.819,21.421,96.66,2417.0,59.25,44.42,0.001208,1.068,1.008,29.82,moderate_fouling
292.15,181.72,140.65,41.31,82.99,25.282,20.312,99.03,2276.8,57.17,39.23,0.001254,1.162,0.955,34.06,moderate_fouling
288.08,177.37,138.93,40.83,83.75,24.358,20.302,95.84,2054.7,55.12,40.64,0.001239,1.131,0.95,34.93,moderate_fouling
291.23,180.83,139.81,40.77,83.45,25.327,20.081,98.21,2236.1,57.52,41.19,0.001237,1.217,1.053,29.47,moderate_fouling
283.74,178.31,137.96,41.61,83.01,25.508,20.467,95.82,2239.2,60.29,41.09,0.001238,1.193,0.993,31.2,moderate_fouling
290.94,178.8,139.47,38.46,82.83,25.613,19.827,98.47,2213.0,58.95,40.15,0.001215,1.165,0.973,26.4,moderate_fouling
284.05,178.96,137.47,38.57,84.33,25.212,20.389,96.75,2310.5,58.53,41.72,0.001258,1.083,0.928,30.34,moderate_fouling
282.66,180.19,139.03,37.72,82.71,24.279,19.919,99.38,2219.4,54.49,39.38,0.001274,1.144,0.967,31.34,moderate_fouling
281.3,180.15,138.26,40.86,82.1,25.708,19.844,97.73,2351.4,60.79,38.05,0.001251,1.136,0.963,29.31,moderate_fouling
293.69,180.45,136.78,37.71,85.2,24.572,20.12,97.15,2374.4,56.73,41.3,0.001272,1.048,0.943,33.57,moderate_fouling
285.23,180.31,137.45,39.97,84.56,25.356,20.028,96.61,2421.2,58.67,40.95,0.001278,1.054,1.007,31.67,moderate_fouling
288.43,182.11,139.77,40.78,83.91,24.068,19.191,98.59,2230.1,53.47,36.02,0.001255,1.08,0.983,31.15,moderate_fouling
288.63,182.55,139.41,38.61,83.05,25.47,21.098,100.15,2416.6,61.57,44.16,0.00129,1.17,0.974,24.67,moderate_fouling
283.53,181.06,140.29,39.35,83.28,24.54,20.131,99.36,2156.0,55.52,41.89,0.0013,1.093,0.921,28.69,moderate_fouling
286.45,181.14,139.12,39.75,81.55,25.661,19.213,99.48,2351.9,62.45,37.01,0.001291,1.047,0.926,31.35,moderate_fouling
279.79,179.42,136.04,40.75,83.09,26.07,20.6,95.81,2454.1,62.02,42.98,0.001293,1.116,0.995,28.94,moderate_fouling
284.01,178.33,139.31,38.48,83.31,25.713,20.048,97.9,2225.4,60.59,39.19,0.001308,1.138,0.961,26.39,moderate_fouling
283.74,180.89,138.3,40.33,82.94,24.31,20.164,97.96,2273.9,53.22,40.22,0.001285,1.056,0.932,28.76,moderate_fouling
284.97,180.05,138.57,40.71,83.47,24.445,20.416,97.21,2272.5,55.0,42.72,0.001309,1.199,0.964,32.98,moderate_fouling
282.54,181.29,138.76,40.15,82.07,24.488,19.615,98.91,2297.3,54.54,38.4,0.001325,1.074,0.953,31.29,moderate_fouling
278.87,177.23,138.25,40.17,83.24,25.408,18.591,96.03,2200.6,59.19,34.38,0.001303,1.16,0.936,31.66,moderate_fouling
274.71,184.04,138.32,41.27,81.14,25.218,20.013,99.95,2551.0,60.18,39.76,0.001334,1.14,0.944,30.32,moderate_fouling
278.6,178.07,140.42,40.23,82.88,25.106,20.184,97.67,2085.8,58.75,41.1,0.001322,1.075,0.981,33.17,moderate_fouling
285.94,180.05,139.5,39.99,82.34,25.196,20.564,98.61,2221.0,58.34,41.39,0.001307,1.105,0.965,24.31,moderate_fouling
282.57,181.49,138.64,39.67,81.39,25.358,19.684,99.53,2434.4,59.08,39.62,0.001336,1.109,0.919,27.54,moderate_fouling
282.93,177.9,138.82,40.66,82.43,25.401,19.929,96.81,2182.7,59.51,41.0,0.00133,1.092,0.923,33.78,moderate_fouling
272.85,179.16,140.38,39.72,82.75,26.024,20.262,98.52,2173.7,61.78,43.22,0.001351,1.141,0.962,32.05,moderate_fouling
271.53,176.94,139.68,40.66,82.16,24.976,19.905,96.88,2033.4,57.24,40.2,0.001338,1.11,0.911,30.42,moderate_fouling
276.29,177.83,139.76,40.11,83.61,25.132,19.938,96.91,2077.9,61.64,42.26,0.001369,1.025,0.954,29.25,moderate_fouling
278.6,177.07,138.2,41.14,81.96,23.895,20.19,96.08,2074.6,54.5,42.18,0.001353,1.111,0.946,26.3,moderate_fouling
276.25,180.15,139.14,39.21,83.61,24.214,19.565,98.23,2213.0,54.93,39.41,0.001371,1.052,0.9,29.08,moderate_fouling
280.11,180.44,138.38,40.08,83.42,24.592,20.855,97.66,2315.9,58.0,44.77,0.001364,1.094,0.859,29.66,moderate_fouling
277.64,179.52,137.67,40.36,81.93,24.296,19.601,97.45,2294.3,57.71,40.97,0.001372,1.115,0.917,28.09,moderate_fouling
272.31,181.91,140.67,40.42,83.99,25.14,20.08,99.08,2265.2,59.52,42.94,0.001395,1.098,0.947,32.7,moderate_fouling
273.91,182.09,139.39,41.14,81.01,25.632,19.898,99.66,2360.7,62.07,41.59,0.001388,1.15,0.948,32.01,moderate_fouling
277.68,179.99,139.28,40.4,83.07,24.745,19.708,97.9,2192.7,57.06,40.18,0.001386,1.1,0.996,29.37,moderate_fouling
277.85,179.66,138.69,40.91,82.6,24.715,20.33,97.42,2239.4,56.51,43.19,0.00138,1.08,0.949,31.75,moderate_fouling
274.75,179.58,140.68,41.97,83.14,24.699,20.567,97.57,2044.9,59.95,43.93,0.001414,1.177,0.944,29.86,moderate_fouling
282.97,179.31,142.02,40.85,80.62,25.084,20.79,99.92,2043.7,63.65,44.74,0.001414,1.135,0.961,30.49,moderate_fouling
274.71,181.97,140.45,38.94,81.08,24.678,20.353,101.2,2277.4,57.62,43.07,0.001406,1.096,0.931,28.98,moderate_fouling
