slide valve %,vibration motor mm/s,discharge pressure bara,discharge temperature degC,suction pressure bara,suction temperature degC,cooling water temperature degC,cooling water return temperature degC,cooling water flow m3/h,cooling water header pressure barg,chilled water return temperature degC,chilled water supply temperature degC,motor current,motor bearing DE temperature degC,motor bearing NDE temperature degC,Motor Stator Temperature degC,Motor Stator Temperature degC_2,Motor Stator Temperature degC_3,Oil Pressure bara,Oil Pressure bara_2,Oil Temperature degC,OutsideTemperature
67.0,0.6101,12.1093,65.57,5.6123,8.2563,28.4025,30.3148,1312.3212,4.9969,14.8845,11.2625,14.8737,52.8439,40.4982,62.4199,61.411,61.3844,15.5124,10.5926,48.6398,26.0995
62.7652,0.6012,12.0012,64.6295,5.5758,7.8713,28.3721,30.3043,1303.6284,4.9891,13.7121,10.677,14.3575,53.0829,41.0139,62.8993,62.1313,62.3935,15.4936,10.4937,49.9647,27.4186
78.8782,0.8193,12.7621,70.7467,5.5304,7.5937,29.4025,31.9402,1324.1141,4.9898,14.8221,10.8595,16.229,54.2365,41.6894,64.0335,63.2031,63.6116,16.1118,11.3254,51.0828,27.9658
80.1667,0.8033,13.082,70.6649,5.568,7.5007,30.1004,32.651,1322.0981,4.9896,15.0125,11.2629,17.353,54.4986,42.2786,66.4003,65.0968,65.1996,16.3894,11.6111,52.2066,28.5292
65.9109,0.6016,12.7972,68.9878,5.5974,8.0631,30.8664,32.7687,1316.2014,4.9892,15.0667,12.1275,14.7704,56.4872,44.0032,68.0348,66.5768,67.0876,16.2968,11.278,52.3572,29.1484
81.9018,0.8974,12.7768,70.8744,5.5636,7.5305,29.3019,31.8238,1322.4658,4.9891,15.4453,11.4189,17.1545,57.7043,44.9594,68.9629,68.066,68.1327,16.1008,11.3049,51.0283,31.1543
80.5268,0.9011,12.6115,67.4985,5.6173,7.8943,29.3719,31.5224,1318.957,4.9891,15.8467,12.0305,16.1342,57.9022,45.3892,69.8539,69.2313,69.6398,15.8805,10.9099,50.1914,32.1187
84.4567,0.7987,12.5294,68.5062,5.5275,7.6197,28.9356,31.2827,1318.3174,4.9888,15.6416,12.3716,16.7484,58.9255,46.27,71.0199,69.7691,70.0622,15.9144,11.0226,51.3751,32.6728
83.7829,0.7059,12.5234,69.4137,5.5168,7.6583,28.9192,31.3352,1316.773,4.9902,16.4329,12.4337,16.5315,58.7995,46.5158,71.4209,70.3666,71.1079,15.89,11.1313,51.0696,33.7743
73.6744,0.908,12.6959,67.8182,5.4635,7.5794,28.9554,31.8687,1319.0817,4.9891,16.2556,12.2237,14.9798,58.861,46.2468,71.9086,71.0141,71.7749,15.8955,11.1799,51.0059,33.4868
87.7453,0.9934,12.7286,69.8617,5.6894,7.834,29.1111,31.6159,1322.6237,4.99,16.8361,12.3026,17.0671,59.3441,46.9335,72.754,71.1546,71.6707,15.9806,11.2839,51.4591,35.0407
71.7563,0.6889,12.6029,69.9984,5.5299,7.7825,29.1715,31.6244,1318.6068,4.9901,16.5812,12.3681,14.971,60.0414,46.8086,72.9456,72.1304,72.8658,15.85,11.0751,51.4213,35.707
75.0787,0.8847,12.4935,65.8244,5.5833,8.1812,28.8654,31.3506,1315.0963,4.9898,16.2025,12.9996,15.5104,60.8376,47.1427,73.388,72.1138,72.7287,15.7963,11.0954,50.2761,35.4359
76.8494,0.8042,12.3882,68.1502,5.4881,8.0812,28.9657,31.2624,1314.6909,4.9891,17.3507,13.5437,14.8672,60.2531,47.4701,73.0782,72.4117,73.3089,15.847,10.9092,50.5724,35.4198
80.7326,0.6908,12.5942,67.7182,5.4832,8.0106,28.6975,31.1835,1317.689,4.9895,17.4675,12.9087,15.5354,58.9981,46.3359,73.2574,72.4806,73.3168,15.8153,11.0196,50.5366,34.8608
92.1677,0.8821,12.6926,67.2618,5.5571,7.4439,28.6823,31.3539,1318.2342,4.9893,17.2078,13.6482,17.6884,58.7621,45.8484,73.8716,72.8423,73.4517,16.0996,11.1985,50.3814,33.7103
87.7203,1.0032,12.9033,71.7054,5.3585,6.6333,28.6282,31.2847,1320.7823,4.9888,17.9022,13.0829,17.5612,58.9948,46.349,74.4835,73.3353,73.8502,15.9949,11.1937,52.1236,33.8645
97.8419,0.9208,12.9031,69.7737,5.3156,6.8172,28.7292,31.3157,1316.4992,4.9785,18.5476,13.1849,21.6388,59.2539,46.7965,75.2006,73.2943,74.5561,16.3004,11.403,51.4704,33.0027
84.197,0.7999,12.4001,68.3771,5.5584,7.5282,28.6791,31.526,1320.785,4.9777,18.5618,13.8746,16.6779,59.775,46.9495,75.8975,74.5144,75.0336,15.8107,10.8835,52.1961,32.1229
90.2436,0.807,12.5084,71.3864,5.5476,7.5594,28.4053,31.4799,1322.1982,4.979,18.9778,14.0928,17.1902,59.8929,46.3806,76.4267,75.0846,75.6052,15.877,11.1414,52.6131,31.4838
95.1593,1.0007,12.6228,70.6376,5.4735,6.974,28.3237,31.2803,1318.2337,4.9781,18.899,14.458,18.9304,59.1762,47.0886,76.5471,75.172,76.0398,16.1217,11.0681,51.6616,30.717
99.3852,0.7992,13.0182,68.7229,5.2221,6.5203,28.4601,31.2572,1318.7761,4.9785,19.8649,14.3346,22.387,59.8926,47.417,77.3744,76.262,76.7615,16.4139,11.5037,52.4033,30.658
92.9565,0.9077,12.5715,72.4388,5.4851,7.2735,28.4653,31.5124,1312.3848,4.9785,19.4673,14.5731,17.5301,60.7952,47.6811,77.3669,76.6792,76.8434,15.914,11.2401,52.6666,30.6655
93.6764,0.8976,12.551,71.831,5.5246,6.9087,28.46,31.4526,1321.8005,4.9782,19.6753,14.5857,17.4752,61.0508,48.0719,78.0906,76.5995,77.4245,16.0085,11.2001,52.3245,29.5356
91.5244,0.7022,12.6179,68.6741,5.5625,7.5725,28.3584,31.7046,1319.3629,4.9787,19.7519,15.0092,17.7475,61.4532,46.8318,78.2524,77.2176,77.5802,16.0004,11.0962,52.1965,29.7059
99.7877,0.8027,12.9738,72.9371,5.2239,6.1944,28.4898,31.6876,1327.5113,4.9781,19.5609,14.4415,22.4636,62.0769,46.5453,78.5882,77.3301,77.6577,16.3131,11.5929,52.5186,29.3472
98.9353,0.7944,12.9957,71.1013,5.2967,6.897,28.5411,31.1965,1321.6793,4.9788,20.6129,14.9241,21.6701,62.1141,46.0835,78.3051,77.1389,77.6837,16.3115,11.4964,51.7762,28.4558
98.9672,0.8083,12.8776,67.9899,5.2842,7.4568,28.4708,31.241,1324.5484,4.9776,20.893,15.9656,22.3044,62.1974,45.7938,78.6925,77.216,77.7873,16.2931,11.5272,52.7327,28.7225
96.9395,0.7985,12.8654,73.5245,5.1902,6.1482,28.5045,31.7391,1327.5632,4.9784,20.426,14.8617,20.0494,62.4991,45.0175,78.5974,77.2427,77.8833,16.0888,11.2562,53.1035,28.5511
99.5661,0.8937,13.0104,70.89,5.2835,7.1279,28.5267,31.5038,1323.5043,4.9794,20.8657,15.1349,21.9262,62.4012,44.755,78.9552,76.7891,77.9946,16.302,11.5304,52.5125,27.6756
98.6891,0.8045,12.7146,68.1988,5.5095,7.4366,28.5488,31.693,1328.0583,4.9778,20.8782,16.1177,22.6623,62.3209,44.3301,78.5813,77.2001,77.8943,16.3302,11.4718,52.8953,27.7117
94.6691,0.8925,12.5889,72.9205,5.5728,6.9741,28.4852,31.6043,1323.8858,4.978,21.2931,16.4238,17.6343,62.2801,44.448,78.6537,76.921,77.6309,15.9758,11.0947,52.6536,27.9939
93.8272,0.9002,12.5503,71.567,5.5899,6.8615,28.4803,31.617,1327.0518,4.9786,21.4283,16.1763,17.9934,62.084,44.1388,78.3441,77.286,77.9729,15.8714,11.0915,52.5341,27.6735
94.5824,0.9999,12.5895,68.1731,5.5165,7.4998,28.4479,31.6136,1315.8081,4.9937,21.5881,16.5827,17.6128,61.6329,43.9109,78.3737,77.098,77.7532,15.9032,11.1117,53.4336,27.1603
96.8916,0.9091,12.9075,72.3616,5.2898,6.392,28.4242,31.422,1325.9473,4.9938,21.3475,15.6805,19.8876,61.3531,43.534,78.2837,76.603,77.344,16.301,11.1683,52.9134,26.4556
95.5092,0.804,12.4716,69.9517,5.5386,7.4787,28.4529,31.2148,1325.9375,4.9939,21.8954,16.742,18.2234,61.5899,43.2673,77.6883,76.4757,76.7503,15.9034,11.0092,52.5087,26.9724
98.6784,0.8998,12.9035,67.6459,5.2944,6.5328,28.4814,31.0169,1319.9712,4.9939,23.1282,15.9079,21.6566,61.1017,42.9948,77.3415,76.4297,76.6274,16.3048,11.4401,52.4248,27.4476
98.4253,1.0068,12.8997,70.8579,5.2548,6.6449,28.0951,30.8311,1322.3664,4.9942,22.5752,16.2492,23.0356,60.6464,43.001,77.5762,76.1193,76.8429,16.1956,11.373,52.7915,27.4488
95.7935,0.9116,12.4111,69.8227,5.5777,7.5042,28.0128,31.1897,1323.7469,4.9938,22.7256,17.1569,17.0447,60.6264,42.7908,77.4583,75.9479,76.5614,15.829,11.0038,52.1797,27.4563
98.0357,0.9047,12.8023,67.7933,5.2584,6.7695,28.1229,30.974,1328.3128,4.9935,23.0927,17.4722,22.9458,60.4395,42.4836,77.5002,76.1636,76.5171,16.1688,11.2869,52.8852,27.1951
99.8924,1.0001,12.8813,71.2764,5.2359,6.4463,28.0383,30.8603,1321.1153,4.994,23.8871,16.8967,22.8489,60.7127,43.2252,77.5026,76.4381,76.5984,16.2838,11.4084,52.5682,26.4831
98.9221,0.7891,12.823,69.663,5.2576,6.4909,28.0503,30.9081,1319.0722,4.9946,24.1017,16.9456,22.3894,60.567,42.3384,77.5416,76.3805,76.6438,16.198,11.3004,52.4169,26.7345
98.4284,0.7911,12.897,68.7921,5.2502,6.4663,27.9821,30.7847,1318.2011,4.9935,24.0548,17.4879,22.8707,60.0805,42.1833,77.435,75.9214,76.5826,16.268,11.3873,52.9422,26.3921
97.3389,0.7975,12.6995,71.5556,5.3133,6.2122,27.9018,30.6986,1314.4772,4.9931,23.4185,17.0417,18.5314,60.1812,42.0937,77.4328,75.8821,76.4124,15.9966,11.2097,52.7188,26.7201
99.5892,0.8949,12.6821,69.9096,5.2968,6.4961,28.0603,30.9166,1317.7628,4.9942,24.1161,17.0597,22.2922,59.5152,42.0453,76.7566,75.4631,75.9005,16.0324,11.2358,52.2663,26.458
98.125,0.8984,12.6915,68.445,5.2892,6.4943,28.0533,30.5274,1314.963,4.9935,24.6766,17.6241,21.7646,59.3957,41.7189,77.1888,75.4675,76.0125,16.2004,11.1962,52.7361,25.6569
98.0091,0.8005,12.283,70.3563,5.5745,6.7712,28.0045,30.4322,1318.6749,4.9925,23.8946,17.9218,17.3576,59.0835,42.16,77.1058,75.1048,75.982,15.6045,10.8143,51.8827,24.7395
98.8626,1.0044,12.1967,65.4851,5.5863,7.5297,27.5634,30.3082,1325.0215,4.9941,24.2409,18.4069,18.5755,58.5259,40.8885,75.6026,74.5098,75.0729,15.3754,10.5744,51.1568,24.2587
99.6707,0.8994,12.5328,65.9902,5.2951,7.0518,27.1987,29.6027,1313.4566,4.9933,25.4115,18.268,21.3889,58.3141,40.5398,75.5172,74.0692,74.5312,15.788,10.981,51.2766,24.2793
