ZI-Z37050/AI1.PV,VI-V37050/AI1.PV,PI-P37051/AI1.PV,TI-T37051/AI1.PV,PI-P37050/AI1.PV,TI-T37050/AI1.PV,TI-T37130/AI1.PV,TI-T37131/AI1.PV,FI-F37130/AI1.PV,PI-P37130/AI1.PV,TI-T37054/AI1.PV,TI-T37053/AI1.PV,II-37062/AI1.PV,TI-T37059/AI1.PV,TI-T37060/AI1.PV,TI-T37056/AI1.PV,TI-T37057/AI1.PV,TI-T37058/AI1.PV,PI-P37054/AI1.PV,PI-P37053/AI1.PV,TI-T37055/AI1.PV,OutsideTemperature
68.0145,0.6045,12.1045,65.7278,5.6006,8.2228,28.3339,30.3445,1312.8636,4.9978,14.5865,11.1933,15.4994,52.6082,39.9475,62.2023,61.0352,61.4354,15.4877,10.5647,48.7208,26.8922
63.9128,0.6013,11.9796,64.9638,5.5741,7.8224,28.4133,30.3364,1303.1189,4.989,13.8926,10.8352,13.7723,53.2967,41.3563,62.9298,62.7861,62.7457,15.4854,10.5256,49.5795,26.8989
78.9154,0.8064,12.7776,70.468,5.5538,7.6005,29.291,31.9263,1323.591,4.9894,14.4218,10.7462,15.2985,54.7671,41.7322,65.1343,63.8137,64.5055,16.1102,11.3151,50.7174,27.664
79.313,0.7855,13.1003,70.7113,5.5775,7.5976,30.1392,32.6979,1322.0223,4.99,14.3401,10.6867,17.1304,55.3319,42.8171,66.7971,66.0342,66.796,16.3642,11.5901,52.013,28.6592
64.5472,0.6093,12.7726,69.1746,5.6022,8.0825,30.9092,32.7269,1317.323,4.9892,14.3378,11.2788,15.4349,56.3041,44.1815,68.6119,67.2238,69.0474,16.2697,11.2719,52.1056,30.2438
81.6616,0.8933,12.815,70.6413,5.5365,7.5388,29.3413,31.7863,1321.8523,4.989,14.408,10.8053,16.8834,57.9512,45.7069,70.3206,69.1442,69.8507,16.1363,11.2835,51.211,31.3339
79.6749,0.8988,12.5838,67.433,5.6329,7.9384,29.2991,31.553,1319.7095,4.9897,14.5899,10.9019,16.4794,58.902,45.8219,70.9583,70.2507,71.6084,15.8859,10.8874,49.8471,31.5758
81.534,0.8078,12.4995,68.1108,5.5197,7.6407,28.8383,31.3026,1317.1553,4.9897,14.4344,11.0396,16.9517,59.1364,46.6073,72.1106,71.6254,72.6233,15.9039,11.0022,50.941,32.568
79.7178,0.7022,12.4638,69.5004,5.5106,7.7078,28.8515,31.4277,1316.8746,4.989,14.3528,10.7476,16.256,59.6026,46.7048,72.9164,72.8919,73.983,15.871,11.1015,50.6233,33.4617
67.4762,0.9028,12.6924,67.9195,5.4537,7.6266,28.9643,31.7454,1319.0714,4.9883,14.1635,10.7811,15.5633,59.5873,47.1472,73.6449,73.0502,75.3908,15.9018,11.2266,50.6232,33.7037
85.6663,1.0067,12.6773,69.3584,5.694,7.8329,29.0919,31.7115,1322.164,4.989,14.434,10.9,17.0188,59.8105,47.287,74.3155,73.5843,75.2742,15.986,11.2863,50.6636,35.0252
64.1507,0.7036,12.5555,70.1673,5.5144,7.8299,29.1535,31.64,1318.4529,4.9897,14.0718,10.9048,15.467,60.797,48.1086,74.9731,74.4878,75.8697,15.8695,11.0701,51.0193,35.0373
66.8045,0.8972,12.5104,65.7785,5.6064,8.0474,28.8823,31.3285,1315.2599,4.9889,14.3411,11.3805,15.8145,61.7541,48.311,75.4346,75.7961,77.3104,15.8261,11.0771,49.9291,35.7886
69.5307,0.7986,12.4315,68.1872,5.4829,8.0197,28.9815,31.1621,1314.9205,4.9893,14.5075,11.2153,15.6297,61.3249,47.6037,76.1658,75.9809,77.4544,15.8231,10.8995,50.0576,35.4607
71.6073,0.7018,12.6217,67.336,5.4837,7.9269,28.6152,31.1487,1318.1801,4.989,14.5334,11.0942,15.3088,60.0585,47.0945,76.041,76.058,78.0916,15.7979,10.9856,49.7399,35.1655
89.1337,0.8925,12.7131,66.8856,5.5549,7.3873,28.7539,31.4034,1318.0407,4.9883,14.7195,10.974,18.0181,60.5192,47.1684,76.9334,76.6421,79.113,16.1195,11.1942,50.1865,33.7697
83.0591,1.0083,12.8921,71.5865,5.3487,6.7279,28.7252,31.3235,1320.1179,4.989,14.8528,10.7932,17.7975,59.9522,47.196,77.7122,77.8212,79.6374,16.0371,11.191,51.4222,33.7008
98.5202,0.9024,12.9155,69.8395,5.2972,6.8481,28.7254,31.2768,1316.2351,4.9787,15.1106,10.6757,21.0794,60.7286,47.7169,78.2555,78.1749,80.5936,16.3147,11.4196,50.6374,33.0973
76.6551,0.8006,12.4235,68.3903,5.5585,7.6435,28.6009,31.4873,1320.0827,4.9771,14.5238,11.1253,16.9343,60.5594,47.6433,79.1836,79.0488,81.6234,15.8094,10.8884,51.4864,32.4875
86.5126,0.8099,12.5026,71.5497,5.5413,7.4764,28.4457,31.4795,1323.0421,4.9785,14.974,11.3464,17.5411,61.008,47.8576,80.1797,79.8073,81.5059,15.9039,11.0925,51.543,31.4837
92.9374,0.999,12.5773,70.3629,5.4527,6.9768,28.5167,31.3019,1317.9476,4.9777,15.2211,11.106,18.809,60.7279,48.504,80.5225,80.2258,83.3611,16.1127,11.1142,50.7045,30.7287
99.3816,0.7985,12.9904,68.927,5.2181,6.3607,28.4366,31.1991,1317.862,4.9787,15.1858,10.6027,23.0899,61.658,48.5464,81.2786,81.68,84.024,16.3929,11.4888,51.1115,30.62
90.1264,0.896,12.6327,72.6155,5.5176,7.2113,28.3287,31.5477,1313.3609,4.9787,15.0837,11.3037,17.6601,62.3724,49.3238,82.4126,82.7188,85.538,15.8946,11.2084,51.8149,30.1072
90.109,0.9029,12.5986,71.7762,5.5216,6.9108,28.3498,31.5917,1321.61,4.9783,15.2322,11.1288,17.3688,62.4706,48.8553,82.5914,82.5128,85.8435,16.0088,11.2066,51.2487,30.2059
84.5287,0.7026,12.5362,68.7015,5.5619,7.5806,28.3771,31.7309,1318.5052,4.9783,15.1324,11.3283,18.3517,63.1599,49.1371,83.0082,83.7215,86.1106,15.9908,11.1028,51.4612,29.7422
99.8481,0.7944,12.9718,72.9802,5.2162,6.0971,28.4778,31.6474,1327.4561,4.9779,15.1607,10.3972,23.2869,64.306,48.4677,83.1619,83.4454,87.1692,16.2929,11.5775,51.7552,29.2007
100.0,0.7985,12.9919,70.8561,5.2958,6.713,28.5778,31.2321,1321.0758,4.9776,15.5583,10.9062,21.9488,64.2067,47.5967,83.4027,84.0434,87.4946,16.3,11.5244,51.0372,28.7832
98.791,0.7945,12.9199,68.239,5.2722,7.4367,28.5155,31.3027,1325.084,4.9792,15.433,11.4159,23.2685,63.7432,47.0466,83.4487,84.5981,87.5108,16.3224,11.544,51.4814,28.7491
95.0539,0.7941,12.8948,73.6954,5.198,6.0236,28.4634,31.6995,1327.2579,4.9779,14.9382,10.1723,19.9392,64.5794,46.4613,84.3965,84.4231,88.4011,16.0779,11.3002,51.9015,28.5251
100.0,0.8856,13.0202,70.69,5.2632,7.0431,28.4277,31.4727,1323.3824,4.9792,15.0657,10.9296,22.1166,64.4659,46.7309,83.6759,84.66,88.0848,16.3148,11.4793,51.3838,28.4183
98.7579,0.7981,12.6899,67.8771,5.4765,7.3888,28.5132,31.7567,1327.4569,4.9779,15.233,11.3423,23.0817,64.5887,46.2674,84.7214,85.2903,88.7309,16.3154,11.5006,51.9963,27.6754
85.8216,0.8858,12.5623,72.7883,5.5832,7.0058,28.5122,31.7034,1323.3933,4.9786,15.1725,11.2284,18.0638,64.7654,46.5692,84.4438,84.7087,89.0708,16.0153,11.1196,51.5136,28.168
85.3827,0.8961,12.5906,71.5492,5.5638,6.8526,28.4521,31.5999,1326.0976,4.9778,15.0262,11.2696,18.3078,64.7291,46.7511,84.6796,85.6775,89.5413,15.8843,11.0878,51.1159,27.4791
87.0323,0.9949,12.6066,68.5667,5.5161,7.487,28.3828,31.6414,1315.3894,4.9939,14.9627,11.4519,17.875,63.8915,45.6699,84.6931,85.6678,89.78,15.867,11.0974,51.823,27.1703
90.858,0.9088,12.905,72.5655,5.2989,6.4336,28.4835,31.4671,1325.6866,4.9934,15.1222,10.5173,20.1995,63.8717,45.4175,85.4254,85.3433,89.6419,16.3109,11.2068,51.3327,26.9966
85.3537,0.7915,12.4759,69.6925,5.5187,7.5401,28.4548,31.3245,1325.8325,4.9934,15.0527,11.3815,18.4068,63.7156,45.4356,84.9257,85.4271,90.137,15.9037,11.0238,51.0579,26.6036
99.6234,0.8937,12.8933,67.4965,5.3014,6.5589,28.4799,31.016,1320.0363,4.9939,15.4709,10.707,22.9014,63.7742,45.5362,84.9871,85.185,89.9065,16.3196,11.4154,51.0009,27.0763
100.0,0.9968,12.9515,71.2251,5.2519,6.6898,28.1451,30.8607,1322.2494,4.9934,15.4255,10.8374,23.0372,63.3398,44.8774,85.1693,85.6308,89.9467,16.1863,11.4162,50.9644,27.2608
85.902,0.8952,12.3763,69.3651,5.5575,7.5381,28.05,31.1966,1323.6017,4.9929,15.2386,11.184,17.5812,63.2781,45.1837,85.0574,85.9041,90.3476,15.8148,10.9916,50.7301,27.0159
100.0,0.9114,12.8127,67.8964,5.2453,6.6898,28.0267,30.9073,1328.6312,4.994,15.4117,10.9908,23.6515,63.2762,45.58,84.9788,86.0566,91.6165,16.2206,11.308,51.4015,27.4774
100.0,0.9905,12.8598,71.1388,5.2488,6.5404,27.9963,30.9024,1320.6505,4.993,15.4897,10.8067,22.937,63.3901,45.0918,85.5005,86.653,91.0736,16.2981,11.3857,51.0132,26.552
100.0,0.7968,12.8166,69.1995,5.2508,6.522,28.0364,30.909,1319.2636,4.9939,15.524,10.6684,22.6607,63.9157,45.1213,85.5732,87.1002,92.1812,16.2081,11.3168,50.5655,26.2342
100.0,0.8028,12.8829,68.7139,5.2506,6.5238,28.0256,30.8506,1317.8982,4.9941,15.4925,10.4815,23.8391,63.7602,44.79,85.5739,86.786,91.3276,16.3074,11.4228,51.3045,26.1513
93.4732,0.8073,12.7077,71.8041,5.3056,6.3083,28.0205,30.8025,1313.9474,4.9934,15.2192,10.6006,19.7891,63.3297,44.9185,85.8258,87.2405,92.2916,15.984,11.211,51.0073,26.2241
99.0718,0.8968,12.6752,69.9371,5.2846,6.4571,28.1006,30.867,1317.1476,4.9942,15.2886,10.5927,22.6248,62.9833,44.7274,85.8431,86.7912,92.3206,16.0104,11.1927,50.486,26.5557
100.0,0.884,12.7056,68.4036,5.2567,6.4516,28.0419,30.5605,1315.9007,4.9939,15.5992,10.8148,22.7875,62.4823,44.9677,85.9361,87.526,92.9799,16.2316,11.196,50.9765,25.7699
82.9554,0.7987,12.2826,70.2487,5.5574,6.6954,28.0115,30.4189,1318.5182,4.9932,14.9933,10.9675,17.776,62.4641,44.2224,86.1089,87.2532,92.4793,15.6004,10.8358,49.9314,24.2654
91.704,1.0113,12.1863,65.2909,5.6034,7.507,27.5263,30.2701,1324.8835,4.9943,15.1884,11.5024,18.2557,61.8954,43.5122,85.3306,87.2719,91.9784,15.3715,10.593,49.3702,24.5762
97.4331,0.9024,12.5085,65.9003,5.2894,7.068,27.1867,29.4686,1313.3733,4.993,15.4027,10.7795,21.858,61.3212,43.8566,84.921,87.0243,91.7592,15.7866,11.0208,49.4388,24.0369
