Timestamp,Reflux Ratio,FEED Flow Rate,Naphtha Rate,Kerosene Flow,Diesel Flow,AGO Flow,Residue Flow,PA1 Rate,PA2 Rate,PA3 Rate,WTI Blend
Categories,Independent,Independent,Dependent,Dependent,Dependent,Dependent,Dependent,Independent,Independent,Independent,Independent
30/4/2016 13:01,0.817216661,1438960.21,304670.234,206703.7364,211462.6195,110122.7119,606400.4612,1434.052521,907.9428143,933.9003853,0.383967544
30/4/2016 13:02,1.014383511,1546593.639,303592.5085,187537.2562,246360.2197,116984.5648,692554.9718,1430.053693,906.4734315,938.0213504,0.172113587
30/4/2016 13:03,1.318034912,1247969.839,262293.5267,165404.9532,168216.3745,98336.11937,554071.6151,1486.956087,851.6049187,875.001941,0.37302659
30/4/2016 13:04,1.260199617,1149865.399,214166.1766,120084.6824,210813.0706,67619.86184,537521.51,1425.546144,890.3273469,932.4309129,0.036872333
30/4/2016 13:05,1.026821295,1519905.581,341177.3643,249786.144,152850.4186,157959.4738,618536.5006,1455.742256,904.1683992,939.9722016,0.560044828
30/4/2016 13:06,0.884060588,1436343.305,287962.254,180250.7058,239089.8318,102188.1385,627260.5221,1483.772771,874.1529647,944.8786219,0.22986253
30/4/2016 13:07,1.252870702,1537564.497,297022.3985,178514.2991,233579.3105,118151.9727,710730.0919,1415.763723,916.7818627,853.3243603,0.131480304
30/4/2016 13:08,1.045907778,1109321.811,247531.4057,162782.9489,148266.3639,88702.35516,462353.0742,1475.882305,928.7550327,877.2596835,0.550283741
30/4/2016 13:09,0.850062202,1169773.228,263344.1217,180199.0736,158246.318,98218.97061,470093.4023,1486.924957,866.5425529,943.3081269,0.572944251
30/4/2016 13:10,1.261027935,1429694.576,268509.8244,154325.8589,239740.4829,96954.44883,670574.271,1457.500448,920.3307048,880.7377414,0.056248195
30/4/2016 13:11,1.344552869,1518613.897,297296.9283,180916.362,217481.5694,121035.4381,702309.8027,1465.218962,901.2809998,900.0912987,0.168983002
30/4/2016 13:12,0.898681386,1250242.051,249978.3374,150983.1087,221634.056,82499.50343,545511.2443,1460.421484,850.5772453,865.0866782,0.225391221
30/4/2016 13:13,1.299057832,1575779.986,336165.5164,226748.771,172166.4092,154660.9654,686465.3805,1403.321433,909.9243194,866.5700219,0.412219215
30/4/2016 13:14,1.068583207,1027268.348,206165.4952,121749.2478,181113.8432,63468.87218,455075.4215,1430.967541,921.1090851,854.0348496,0.242526459
30/4/2016 13:15,1.026121103,1595216.984,322070.4828,208062.5887,228777.7866,134123.6664,702625.3003,1495.924433,852.0948765,931.9311033,0.249150785
30/4/2016 13:16,1.367668653,1067841.145,214615.6203,127728.1939,170612.9915,69131.76875,486063.6279,1420.995778,899.1387304,853.6614333,0.247425467
30/4/2016 13:17,0.992869006,1273297.255,276254.4021,183544.9407,172393.1701,107803.8436,533659.066,1446.989553,852.4433913,909.037143,0.4621542
30/4/2016 13:18,1.2467787,1452296.237,277586.9013,163147.955,233375.6263,104433.9497,674166.2737,1413.951245,909.5309263,926.2175701,0.103266991
30/4/2016 13:19,1.020924871,1137505.463,255176.2696,169995.226,148532.1868,93989.67476,470132.7413,1482.324826,925.6748393,944.1850987,0.565425329
30/4/2016 13:20,1.141385721,1514876.227,289380.1432,171251.1507,248252.2651,109627.7725,696795.7391,1424.59699,928.2701159,929.1064981,0.099754934
30/4/2016 13:21,0.992728741,1283029.402,282342.9535,190957.4288,165860.9382,111448.7899,532777.334,1493.853871,947.194531,873.9670858,0.504121364
30/4/2016 13:22,1.077971805,1128989.474,222121.8035,130272.086,199409.2534,71547.66698,505971.4571,1420.464269,851.7689181,917.9624256,0.185517643
30/4/2016 13:23,1.280946312,1078652.33,232265.8963,146173.7383,149472.3203,80125.57585,470923.1306,1432.418378,866.058263,880.7661103,0.44610028
30/4/2016 13:24,1.173359457,1350021.792,249603.6174,139667.3032,246396.2666,82938.66403,631809.0036,1436.873735,890.905604,872.9676701,0.014351828
30/4/2016 13:25,1.059502553,1288875.614,265531.7506,166454.2049,196186.3251,97968.50526,563103.4081,1424.273206,859.2350041,863.499498,0.312243305
30/4/2016 13:26,0.872538692,1509192.525,336422.1722,248971.5745,169388.1168,138518.8464,616294.1281,1418.088505,868.9187371,858.6981777,0.535983117
30/4/2016 13:27,1.117810759,1139793.013,228114.8792,135990.4135,191742.7788,75267.89337,509010.6429,1407.68928,904.5168077,871.715805,0.233484246
30/4/2016 13:28,1.382222075,1063802.752,207617.7693,120821.3488,179310.4577,65717.49867,490647.9058,1484.972716,867.6959487,886.5907619,0.165547467
30/4/2016 13:29,0.922267022,1413260.954,269126.3306,156153.6629,263899.0353,87466.48295,637024.0068,1468.734483,913.4205445,934.2983588,0.089168307
30/4/2016 13:30,1.008693412,1568327.301,325775.7285,217961.5897,209762.1277,138349.0062,676910.7096,1441.792566,870.2100956,866.6925538,0.330146217
30/4/2016 13:31,1.28913981,1537671.373,298809.8833,180644.8849,227333.7756,120581.9685,710733.3385,1455.408108,884.9930311,858.1601113,0.147989481
30/4/2016 13:32,1.075268678,1257970.877,256836.3708,158633.0213,197160.4993,92632.9733,553070.0118,1462.093946,896.6462823,949.8071626,0.287269339
30/4/2016 13:33,1.123036195,1481110.397,334743.3563,241428.9719,144119.2542,152878.9322,608334.7828,1429.477672,873.3363939,852.9418777,0.583240254
30/4/2016 13:34,1.251027259,1140453.6,238294.1351,147540.7381,167090.9121,83074.63699,504780.7993,1416.732374,931.4682685,886.9364044,0.357121513
30/4/2016 13:35,1.113332753,1150697.546,258431.3397,171647.1315,143984.4951,96100.23671,480857.1267,1416.457096,886.9194574,882.5549613,0.569992393
30/4/2016 13:36,1.376538914,1300071.386,267459.5948,166340.1994,178618.355,100582,587438.446,1418.607143,944.5245852,852.3617921,0.311105403
30/4/2016 13:37,1.381254436,1575681.903,291974.0938,167995.9352,249382.6771,113601.9548,753172.0786,1422.456136,854.2356436,859.2057436,0.01957403
30/4/2016 13:38,1.352823032,1564326.393,352108.3203,250330.2933,137349.4354,164409.0764,660541.7529,1435.761842,888.7047958,926.4408707,0.572858192
30/4/2016 13:39,1.312078556,1303874.964,289530.4355,193855.7468,144832.2949,117241.0267,558773.8049,1483.863186,922.80258,874.4932023,0.535059804
30/4/2016 13:40,1.042592779,1386568.996,275836.8599,168892.128,223774.4771,101768.2961,616693.8657,1456.364646,927.3396559,907.73414,0.211756329
30/4/2016 13:41,0.845091187,1217553.735,225752.3969,123783.4758,258905.1429,62261.01777,547214.3325,1493.400963,871.2309154,880.1004173,0.019946004
30/4/2016 13:42,1.051284682,1220803.729,277070.7017,189940.9953,144066.6244,108763.8234,501299.4808,1450.090371,874.8687985,867.7934319,0.599591543
30/4/2016 13:43,1.237347042,1479377.355,317613.3196,213105.8499,170066.4951,139993.7063,639003.1169,1431.888548,901.6680257,910.0840535,0.431375901
30/4/2016 13:44,1.129942823,1502511.236,288896.505,172071.3749,244584.7917,109214.4033,688171.4672,1453.811957,930.8193629,881.5133173,0.117362002
30/4/2016 13:45,1.362043567,1196174.087,258403.0222,165336.497,152401.815,95176.20119,525192.7366,1496.623439,935.3132282,886.6668263,0.454411433
30/4/2016 13:46,1.31300144,1500631.669,286172.4059,168805.3069,232745.176,111591.1881,701742.9231,1443.214427,857.4769969,940.2281012,0.097173539
30/4/2016 13:47,0.982462674,1430145.489,321883.5679,232407.2758,154879.7516,140978.4706,580381.7111,1408.685745,916.9953349,852.1280591,0.568853628
30/4/2016 13:48,1.146199407,1138747.437,247098.8494,158277.4496,156727.326,89068.30527,487899.8823,1400.936303,854.2109224,920.395897,0.467354093
30/4/2016 13:49,0.88652484,1562787.822,314566.3948,202438.6136,245527.722,111608.276,689082.273,1424.608308,866.2991192,869.0382645,0.238570396
30/4/2016 13:50,1.111793485,1397897.969,263420.0247,151221.8265,247581.1308,90895.86898,645183.2885,1454.586746,918.870711,872.1492162,0.063899266
30/4/2016 13:51,1.300901722,1227015.955,262230.1861,167366.7351,160349.0625,98701.76054,538714.1215,1451.929497,936.1973094,880.3699509,0.421929376
30/4/2016 13:52,1.14328326,1129941.621,252685.6247,166090.0095,143746.1091,92303.84116,475434.1884,1433.401189,894.9263289,879.5337741,0.557792961
30/4/2016 13:53,0.808876439,1523657.523,329376.9863,235731.8061,199857.5981,113098.8782,646003.7452,1484.186143,851.5058048,890.4943851,0.442722355
30/4/2016 13:54,0.996737276,1210457.133,228084.6764,128512.3917,234854.3636,69678.41168,549685.6107,1429.576567,884.7120924,862.2755248,0.065205838
30/4/2016 13:55,1.288523402,1539542.291,306878.427,190979.4623,212935.3014,128474.5032,700704.4222,1494.993017,884.5641277,905.1862984,0.218431793
30/4/2016 13:56,1.124339343,1110560.552,219901.7349,129440.9856,192026.0188,71029.97572,498488.7347,1444.782891,873.8744645,910.3980831,0.204010155
30/4/2016 13:57,0.888217467,1509622.773,314233.4413,210164.0772,219274.6863,119486.8838,646882.1152,1468.420904,934.2721855,916.3206256,0.33477767
30/4/2016 13:58,1.041351259,1274840.765,243226.4248,139929.21,233589.8621,79511.37687,578957.1667,1438.972489,906.4769724,910.8938594,0.098374998
30/4/2016 13:59,1.037511965,1563584.564,315518.7861,202265.9681,227472.9919,128707.4842,690055.2029,1421.985245,924.3526278,859.858132,0.248488077
30/4/2016 14:00,1.387297723,1187795.854,238126.5421,143056.6105,181011.5624,82189.85187,543753.0952,1430.803883,907.0401995,909.4486359,0.239099275
30/4/2016 14:01,1.006913971,1530780.852,322624.4333,218411.6224,198645.9633,138111.5968,653408.2121,1409.16314,851.8100662,868.5987203,0.372570592
30/4/2016 14:02,0.920834552,1172198.801,238384.5231,145363.5133,202844.9285,78771.63293,507176.7933,1450.226363,882.4239949,945.0388739,0.275765763
30/4/2016 14:03,1.280501606,1453168.119,311976.4817,207527.3519,167538.2566,135396.3963,631128.5344,1495.528017,896.2192918,940.7788568,0.432250859
30/4/2016 14:04,1.330208942,1568933.783,301381.4169,180503.8208,232447.5983,123051.6875,731989.848,1498.727024,863.021306,943.8491036,0.11638306
30/4/2016 14:05,0.861126241,1297910.795,279222.993,186572.6515,189104.9227,104716.0199,538660.0592,1461.585682,882.6917389,862.234712,0.434449247
30/4/2016 14:06,1.283771027,1250406.908,239258.2361,138678.4197,209761.9618,82490.97015,580580.7583,1405.754189,877.592401,921.7534381,0.10880616
30/4/2016 14:07,0.851938128,1513043.165,302500.5462,191066.8321,251867.3644,100509.0255,667524.7811,1440.157604,914.4932901,864.9972763,0.219927008
30/4/2016 14:08,1.264869596,1169174.862,232415.1882,138467.1274,187643.7322,79535.94041,531452.5098,1418.77744,927.9853914,928.6866926,0.215000733
30/4/2016 14:09,0.968909464,1127180.014,231551.1356,141561.7044,189926.0674,76340.75832,488129.9593,1460.914292,879.9596772,920.9680406,0.305762156
30/4/2016 14:10,1.139458313,1273373.314,238714.9149,134908.5001,233197.4427,77963.5705,588961.9798,1494.278986,896.1275391,914.3344887,0.052045394
30/4/2016 14:11,1.153651123,1211850.613,264289.2968,172263.4865,158340.6493,99828.43431,517470.2148,1491.959774,942.4682127,900.8539001,0.481019901
30/4/2016 14:12,1.189954917,1023994.174,208506.3618,124893.2965,168401.6848,66696.88641,455796.7232,1474.74786,891.6496982,905.6505564,0.284224507
30/4/2016 14:13,1.194049696,1152785.503,240187.6449,148608.3798,172186.4833,84168.01215,507966.8972,1461.772581,870.573786,931.3958581,0.34834931
30/4/2016 14:14,1.38976016,1306407.801,283789.6443,185460.7257,152841.0745,112387.1953,572290.6161,1456.772524,902.5208959,882.3449669,0.469863055
30/4/2016 14:15,1.331986708,1003883.393,188931.4961,106226.5124,186612.3507,55337.7506,467074.889,1452.814964,942.8483283,888.4013511,0.066539256
30/4/2016 14:16,0.850611754,1264544.59,262089.5275,165953.0187,210114.9092,89866.80486,536884.0314,1466.497397,947.2058151,908.5579979,0.32674917
30/4/2016 14:17,0.911202612,1455253.128,306686.4663,205998.4283,205088.2501,121640.8703,616243.6125,1461.54029,869.8440125,909.6418397,0.372001745
30/4/2016 14:18,1.354622605,1577827.708,301724.1888,179997.9421,233824.854,122637.3468,740086.079,1499.758743,911.1670995,869.8067335,0.104145285
30/4/2016 14:19,0.939966499,1599999.62,344975.4593,246558.9223,188900.7559,146950.8161,673043.5307,1466.565649,880.9975058,856.432358,0.436150655
30/4/2016 14:20,1.178596686,1018608.485,204082.5197,120626.1696,173610.8221,64313.17102,456276.6596,1415.471945,869.3862329,915.2532731,0.238479284
30/4/2016 14:21,1.086125227,1243611.312,237388.0626,136390.8284,225395.9926,77584.6913,567216.4808,1426.506915,867.2034096,873.9004935,0.1006782
30/4/2016 14:22,1.077170627,1254459.448,241416.5819,140004.5675,224275.7612,79925.52684,569204.011,1411.223332,942.3235028,927.0917536,0.12264327
30/4/2016 14:23,1.220875766,1140166.68,216246.2592,123040.0752,205405.9382,68765.54822,527045.5374,1450.540671,946.7338868,909.8634154,0.085673606
30/4/2016 14:24,0.876708496,1432742.366,325938.6345,242812.8296,154546.3507,138906.6246,570920.1665,1477.962386,907.7593445,926.8010137,0.599309751
30/4/2016 14:25,1.257462655,1455795.277,321833.3207,221544.0766,152069.7633,142116.025,618626.107,1408.501757,908.1976283,857.7471354,0.51921872
30/4/2016 14:26,0.839172311,1259461.077,277882.1424,190074.0834,175190.0759,104623.4419,512044.1581,1463.518673,947.2182062,891.6382024,0.509810346
30/4/2016 14:27,0.98279472,1019570.036,203778.3013,119865.5497,186833.2804,61108.22488,448288.486,1440.713968,927.7649383,854.1489829,0.230327248
30/4/2016 14:28,1.123109381,1450190.037,290787.163,180898.1665,217109.8053,114524.2836,647280.7024,1443.056744,929.319415,918.3278979,0.233895315
30/4/2016 14:29,0.86011821,1167766.177,222976.2664,126511.831,236033.2389,64596.1613,517996.38,1447.516961,892.3314876,888.9910326,0.100067034
30/4/2016 14:30,1.03874004,1500863.82,321528.4736,220332.3301,183597.3801,141394.39,634422.556,1433.021709,871.8787787,898.8900322,0.4213391
30/4/2016 14:31,1.353796465,1572326.832,340279.5459,232322.9957,160198.3844,157955.8964,681992.7521,1407.245586,864.9656918,901.6625881,0.4552215
30/4/2016 14:32,1.174637671,1529115.13,294346.9614,176121.5031,241329.5408,114710.8936,703039.1886,1420.974012,853.2924084,859.9002947,0.120691935
30/4/2016 14:33,0.946736262,1520336.546,285403.0334,164322.0731,281388.1733,93584.89058,696073.3571,1476.495955,868.8683272,883.7659917,0.049237889
30/4/2016 14:34,0.889332121,1217279.982,224403.1493,122431.6107,256922.7313,62746.30592,551138.8481,1467.395741,885.3272518,891.2560091,0.005222438
30/4/2016 14:35,1.097621334,1265593.51,286714.9932,197316.1486,143952.3502,115916.5416,522041.7052,1404.818495,918.1605322,934.0442955,0.593865967
30/4/2016 14:36,1.130430372,1229748.361,277544.7778,188215.2161,143646.5176,109002.5298,511679.7507,1477.545493,947.6743251,914.8198044,0.583715679
30/4/2016 14:37,1.354694073,1463663.609,313000.0232,207140.935,165621.3973,135873.6438,642428.4235,1456.072389,889.0953739,904.4057576,0.42119275
30/4/2016 14:38,1.271171213,1449391.993,276860.0005,162578.1702,231541.4514,104124.5665,674701.2506,1426.095364,908.8814139,897.7075373,0.101945182
30/4/2016 14:39,0.854564924,1402454.709,273329.5059,163419.0624,257653.2667,87647.64022,620808.9722,1488.680871,946.8741381,947.3416799,0.151515126
30/4/2016 14:40,1.003984059,1147933.444,255596.3261,169570.5752,153370.8957,93863.47733,475856.569,1437.16162,902.103811,893.2436534,0.54227942
30/4/2016 14:41,1.021806751,1315931.851,248041.5227,141152.1619,246312.3753,80095.83961,600714.6964,1414.384368,886.8338045,863.714338,0.064860018
30/4/2016 14:42,1.164269171,1506196.226,294088.3754,178579.0901,232336.4939,115564.1281,686054.1815,1447.367987,883.703198,871.3834376,0.159877586
30/4/2016 14:43,0.818128488,1281012.376,242508.896,137079.9685,262353.3955,69441.71365,570005.6564,1415.346416,926.276472,932.7328924,0.074152255
30/4/2016 14:44,0.989953,1395707.942,295113.0114,195277.1636,193220.3787,119260.7077,593227.3317,1410.012536,899.4093494,936.8743171,0.384240731
30/4/2016 14:45,0.891523788,1523816.289,322129.5436,221155.3682,206821.5984,127302.7378,646825.3197,1453.257987,850.5014343,882.312945,0.37917464
30/4/2016 14:46,1.082784013,1277695.538,283262.2702,191428.7017,156101.3509,113067.818,534190.2681,1440.655672,916.9605552,860.5685702,0.52807487
30/4/2016 14:47,1.277911097,1356353.362,251685.0601,142178.417,236032.1529,86990.94447,639859.5902,1415.717808,856.6412511,888.3041035,0.024887425
30/4/2016 14:48,1.050521805,1214641.543,230713.791,131389.5905,227241.4013,73118.55429,552536.4421,1478.638679,908.7717172,928.6318782,0.087263076
30/4/2016 14:49,1.115321207,1529066.29,287879.0867,167196.612,261244.9194,105250.6593,707931.0072,1462.958156,930.9764118,881.7723754,0.059609007
30/4/2016 14:50,0.860408155,1376362.265,267918.3565,159236.7053,254249.7651,85730.78666,609624.3807,1460.336331,877.3643995,873.0832054,0.148390189
30/4/2016 14:51,0.849048134,1342226.683,252890.0673,143135.9026,269552.7835,74176.56222,602863.8186,1489.512361,909.034182,892.2821553,0.060679677
30/4/2016 14:52,1.132856491,1064867.171,218767.022,132358.5999,173042.0931,71198.3043,469812.6604,1458.358417,875.8647599,853.7165053,0.30877666
30/4/2016 14:53,0.851267681,1325324.513,294128.6501,206104.5828,172715.6208,115612.6549,537129.1134,1420.421612,927.7474797,866.4560786,0.526118977
30/4/2016 14:54,0.932381517,1300629.944,264146.4909,164024.2761,215232.8668,93077.53886,564523.099,1420.148648,877.4244548,888.7611789,0.269693786
30/4/2016 14:55,1.23048162,1299174.487,292840.9686,199629.7367,141086.9344,119705.5888,546266.9265,1474.238212,872.68735,884.8946979,0.579836787
30/4/2016 14:56,0.987504421,1126762.19,233878.1953,144406.4666,184080.3188,78250.57567,486474.7953,1453.433031,860.1812917,887.898434,0.33581674
30/4/2016 14:57,1.120088526,1307645.719,265374.6182,163939.2762,200542.2861,98179.04717,579984.7804,1497.394707,879.9081473,890.1657815,0.270068407
30/4/2016 14:58,1.19615835,1106874.8,237138.3003,149421.4515,156966.2733,83113.89037,480552.0812,1445.122871,876.6606306,900.2631048,0.430330712
30/4/2016 14:59,1.038407447,1229601.542,242013.6104,143511.2352,213935.9805,81335.08103,549164.7062,1493.36224,891.3988019,930.9019961,0.184555136
30/4/2016 15:00,0.985677516,1164112.979,239139.0255,146891.4052,192735.1061,80328.85064,505357.3993,1413.594646,908.5253594,878.6869822,0.305324805
30/4/2016 15:01,1.060359031,1491849.613,286921.7046,170642.9922,250756.4524,104913.9568,679039.9187,1491.921688,938.0876743,853.8547826,0.116988631
30/4/2016 15:02,0.823597689,1436680.481,303487.9883,204902.3277,213094.1971,108842.4999,606752.9938,1451.003347,931.86994,862.3691687,0.377445435
30/4/2016 15:03,1.378919625,1294633.167,239433.0937,134855.0581,224116.5538,80505.36891,616098.9216,1407.105777,935.1854844,852.38398,0.017120913
30/4/2016 15:04,1.229715888,1121109.002,210924.9239,119049.8154,205120.8509,66149.96603,520195.5587,1486.940013,875.9124458,891.8106898,0.063972629
30/4/2016 15:05,1.302524864,1575516.347,290079.4905,164878.8894,260769.4786,109979.3911,750255.9669,1407.559053,850.5424068,929.7716198,0.001987652
30/4/2016 15:06,0.981023468,1496975.975,282725.386,163836.9332,270969.2974,95830.34546,684043.0205,1435.670204,875.9514932,852.6915165,0.06624884
30/4/2016 15:07,0.877188743,1310225.001,287329.0402,197053.6356,176685.7093,112562.3407,536959.4223,1438.662973,871.9328527,881.5477847,0.491289962
30/4/2016 15:08,1.131431912,1507921.592,305665.8615,194423.1667,212777.5828,126347.8466,669128.981,1452.800677,862.7401237,856.5724529,0.263767365
30/4/2016 15:09,1.285264666,1141664.627,231386.9427,139784.6196,176492.4047,79538.23795,514792.8866,1497.005917,853.3977148,927.5671804,0.269907545
30/4/2016 15:10,0.97484685,1144528.625,247455.6703,159625.5308,168237.8401,88024.61542,481512.9583,1417.315982,879.3363883,908.5258093,0.454231382
30/4/2016 15:11,1.136397648,1235303.196,253016.8578,156004.6499,189584.2391,90863.1529,546189.5319,1477.904645,877.4529622,896.6508374,0.297590041
30/4/2016 15:12,1.008950071,1512902.258,327027.9263,228117.5223,179756.7512,145183.0754,633228.9324,1496.64214,863.7176861,910.6097663,0.446884417
30/4/2016 15:13,1.017169826,1483197.933,306703.3166,200436.6737,208946.6488,125412.3799,642112.8287,1420.350721,879.7655009,883.116334,0.318912051
30/4/2016 15:14,1.33567501,1495020.354,303295.5634,191033.0865,197712.1003,126636.238,676759.6963,1428.518903,924.2599621,911.2894529,0.268778116
30/4/2016 15:15,1.29426047,1185950.695,219690.808,122965.6437,215063.8317,70671.27534,557908.3196,1457.725307,861.1464153,946.6814505,0.022090642
30/4/2016 15:16,1.092255953,1440220.364,295109.37,188258.1289,206371.1065,118765.535,632121.3144,1402.418522,897.5537099,918.0833208,0.294709967
30/4/2016 15:17,0.98944934,1005789.248,187811.5109,103561.9715,207854.7991,51829.92222,455035.9856,1417.420729,876.9189138,900.8976803,0.043890297
30/4/2016 15:18,1.308912329,1333152.925,288470.9232,189353.0743,158464.2319,117314.7219,579919.44,1409.663359,908.7865126,932.3851238,0.457242386
30/4/2016 15:19,0.817003479,1241135.244,260894.7874,167643.8122,203118.0492,89222.10262,520612.7221,1450.683529,881.194924,857.4198618,0.367448321
30/4/2016 15:20,1.148266872,1071020.713,204759.373,116569.0571,198289.2377,62538.21864,489183.6723,1461.476055,904.0059736,863.3718152,0.107864721
30/4/2016 15:21,1.338263822,1052630.199,210215.9446,124365.5881,172171.6518,66924.14319,479260.8669,1468.436324,918.5425893,887.5820622,0.229519318
30/4/2016 15:22,1.385283672,1525677.837,289939.5059,171062.6772,230734.7107,114551.6785,719819.6339,1443.213925,887.2705245,861.7821355,0.087831755
30/4/2016 15:23,0.899501248,1520190.742,330490.7167,235785.0036,185673.3356,136700.5746,631952.5038,1463.61363,899.5385025,876.6215298,0.461502327
30/4/2016 15:24,1.006496929,1018511.763,225543.9749,145075.6575,147150.9616,75737.33644,425296.8997,1407.66892,859.1803168,887.4044566,0.528824175
30/4/2016 15:25,1.285149617,1049837.456,232381.6724,148910.3394,137599.0291,79940.73295,451303.4997,1412.88092,943.6708311,927.4290199,0.528993576
30/4/2016 15:26,1.040475016,1264420.44,245954.573,144587.2086,223185.2422,82181.0263,568881.2294,1467.778062,911.2752318,862.0073472,0.151664778
30/4/2016 15:27,1.279930202,1399773.846,313270.2186,215595.1831,143828.4689,134717.5464,592741.4702,1427.944228,873.0944853,852.6173328,0.557121196
30/4/2016 15:28,0.984414429,1071582.251,238376.674,155767.5968,150181.5949,82948.36519,444613.9956,1446.567811,867.0425586,859.0712838,0.541052007
30/4/2016 15:29,1.27692764,1233815.494,246120.4658,148044.5845,191290.6353,87618.29627,561097.0397,1495.387133,865.3350057,888.668174,0.224009196
30/4/2016 15:30,0.982757261,1005384.668,207282.8116,125075.3844,173976.4519,64164.81364,435182.6199,1437.548194,873.6999389,919.4883462,0.31861617
30/4/2016 15:31,1.010333165,1413204.424,274224.498,163444.4628,242924.9225,97242.65033,635773.9837,1431.691693,886.0139004,892.8508147,0.141871887
30/4/2016 15:32,0.827415333,1311003.656,259801.8235,156797.894,241297.6283,82488.27586,570998.2759,1449.343623,942.8439894,915.2511601,0.199022842
30/4/2016 15:33,1.183621478,1450036.283,268248.4508,151440.2874,256510.7158,93546.9828,680707.453,1484.880707,897.7371054,860.0671062,0.014753078
30/4/2016 15:34,1.271654139,1028097.782,226012.0115,143566.6169,139235.2226,76211.05589,443366.1707,1450.360435,904.7016808,850.3733714,0.508302264
30/4/2016 15:35,0.881269174,1365437.338,256514.2395,145175.6976,270050.5856,77316.78384,616778.1859,1422.357811,859.7428349,871.4785444,0.0529951
30/4/2016 15:36,0.810331807,1063983.645,214599.9686,127917.7716,202384.8413,63632.83965,455764.8604,1453.748391,887.3003184,923.8216521,0.253203785
30/4/2016 15:37,0.920263374,1215434.245,227983.7527,127415.469,245287.1381,66861.57079,548246.9719,1466.969309,891.5708514,871.4582725,0.052036772
30/4/2016 15:38,0.972297425,1327146.425,256046.6638,149925.1577,240809.3421,84903.18588,595848.0417,1447.913712,882.6935933,863.9804219,0.127011374
30/4/2016 15:39,1.293040012,1583723.337,332114.7301,220070.6041,184208.3275,150629.2624,697132.5094,1448.844088,942.2559239,947.0252359,0.362052413
30/4/2016 15:40,1.102176373,1320633.519,249254.1242,142347.0142,238875.875,83290.33467,607251.1827,1490.152113,920.2948934,919.134442,0.069103702
30/4/2016 15:41,1.285116532,1164278.395,247917.8523,156403.3139,158999.3522,89707.45911,511581.5262,1471.821022,934.5210743,905.7427973,0.411988028
30/4/2016 15:42,0.817109363,1478854.23,275481.2951,154956.9383,298654.483,73202.30967,676984.2837,1452.249833,896.2192636,870.2072839,0.02716031
30/4/2016 15:43,1.136762131,1597750.111,319675.7852,202986.6651,224897.1058,136052.2995,714582.4995,1446.972902,879.7683589,885.0144679,0.225954717
30/4/2016 15:44,0.82435466,1353179.234,285704.7729,189175.298,207863.9602,103032.9229,567783.7351,1476.780534,917.0929684,871.7860278,0.377873283
30/4/2016 15:45,1.378764135,1200690.54,249194.5261,154239.8902,168974.6132,88886.45357,539736.755,1464.428543,920.114121,922.3672104,0.337567577
30/4/2016 15:46,0.841406261,1580251.546,303436.7539,181698.1349,287115.7595,86224.65749,722221.1222,1491.844528,918.1643226,906.8258669,0.107159439
30/4/2016 15:47,0.97374591,1535531.38,334694.7344,238161.9089,177681.3996,147471.3376,637936.6548,1419.961749,924.3614227,869.1246518,0.470367066
30/4/2016 15:48,1.23595727,1580401.068,348527.8261,246150.4651,154079.3916,165287.8208,666776.8509,1478.255299,944.0335097,942.4424912,0.509593946
30/4/2016 15:49,0.824444153,1000792.402,204744.65,122824.2821,186849.6514,60161.77781,426510.5972,1465.414751,882.7471227,907.4753661,0.294965426
30/4/2016 15:50,0.906807596,1335589.994,281716.5908,184523.4309,199387.9459,105845.8122,564493.7463,1436.216261,885.7146864,874.341245,0.376883516
30/4/2016 15:51,1.063190488,1436313.542,265959.6864,149580.5332,266545.8708,88513.62339,666129.3386,1470.213927,893.681733,873.8353246,0.015898095
30/4/2016 15:52,1.176696664,1333588.986,251466.6233,143832.1882,234347.427,85878.85324,618451.2429,1470.95953,910.703171,874.5359172,0.067296595
30/4/2016 15:53,1.292995265,1193043.012,224754.2643,127899.5574,209315.9838,73982.02517,557441.022,1494.084847,932.9362255,935.6524372,0.067136909
30/4/2016 15:54,0.972031881,1402713.227,299319.2133,200851.2349,189445.3717,121751.0597,591737.0923,1413.055401,924.3955445,889.0561722,0.410348163
30/4/2016 15:55,1.150086206,1260538.309,272914.5116,178355.0029,163974.9045,106037.1183,539610.9752,1444.053594,928.0240997,931.7561338,0.458605568
30/4/2016 15:56,1.39289476,1167794.967,234551.7384,140836.8779,178635.4272,79893.70552,534213.6812,1492.374773,933.1082121,894.8169349,0.244587252
30/4/2016 15:57,1.049192504,1390456.537,280010.8222,173975.7431,216487.859,106042.1714,614335.985,1465.667196,884.3873348,910.6569677,0.245815776
30/4/2016 15:58,1.126542007,1496678.77,318524.5397,214418.4582,182043.2362,139736.8019,642367.0788,1418.301171,901.6864648,851.3555724,0.403658124
30/4/2016 15:59,0.835861439,1465220.428,283605.5982,169278.5007,271069.9874,86735.40697,654949.7026,1462.034289,948.0653435,929.6877418,0.131189822
30/4/2016 16:00,1.153691202,1433670.054,297958.0538,192267.5885,193513.0822,122043.1905,628289.0033,1410.196546,905.3656501,864.5021647,0.336223129
30/4/2016 16:01,0.841017089,1284390.023,238996.5319,132100.2753,268978.5865,66774.22005,577919.6263,1465.672041,913.021375,884.7091778,0.028141882
30/4/2016 16:02,1.398391981,1537801.163,298093.0911,180039.3698,219682.4804,121968.9089,718448.1908,1466.992205,856.7680779,891.4126041,0.142018342
30/4/2016 16:03,0.886752925,1537609.933,338739.8841,247646.1162,176970.6775,140077.1545,634587.4449,1490.230336,857.8343491,910.7345474,0.499935522
30/4/2016 16:04,1.246603872,1347452.628,285703.0379,184699.5941,172477.8125,115436.1042,589512.8541,1483.848878,863.2917385,934.5572515,0.396905955
30/4/2016 16:05,0.950400805,1065701.527,231366.9855,147820.8305,161932.6865,78250.61679,446638.427,1412.078367,876.3933129,909.3432234,0.46786552
30/4/2016 16:06,1.24161263,1325235.101,284183.6566,185147.0392,166187.6101,114332.9797,575753.7193,1492.697324,867.7993562,921.7702071,0.430259276
30/4/2016 16:07,1.079554302,1497895.513,290823.7073,175476.7359,242655.1251,110387.9199,678977.5734,1478.527838,863.8043817,874.3260388,0.143310404
30/4/2016 16:08,1.040956171,1560016.594,297927.3965,176932.9541,263422.7592,109704.8273,712471.0568,1406.276551,940.4691286,898.8138347,0.096559628
30/4/2016 16:09,1.115443699,1285605.948,287244.8161,195371.6544,150340.1827,116616.0797,536388.3685,1467.010661,850.6519151,894.4203607,0.551576831
30/4/2016 16:10,1.218449313,1413747.99,306819.0216,206048.4576,163428.4584,131937.3758,605903.2897,1409.579958,854.187914,944.2115719,0.464093282
30/4/2016 16:11,1.154523965,1379117.701,263642.4702,153832.9446,233980.8361,94106.68202,633952.5332,1485.50215,903.4730961,936.5851496,0.103579163
30/4/2016 16:12,1.059812518,1420564.9,291880.3241,186486.6429,206381.0051,115614.6559,620602.6289,1410.282224,900.3459683,890.6501589,0.30233475
30/4/2016 16:13,1.374467206,1465278.218,285321.6364,171815.3177,214209.3149,112632.5318,681712.8463,1436.186273,872.3635081,853.2416865,0.154994775
30/4/2016 16:14,0.913893533,1208607.314,235245.8472,137292.7035,227709.2013,73516.87855,535198.736,1448.924848,883.5607851,888.375688,0.152536873
30/4/2016 16:15,1.173997714,1578917.01,348575.4357,248342.0324,155678.994,166013.3188,660728.0169,1473.22162,865.1238543,913.543931,0.511706001
30/4/2016 16:16,0.885298574,1028124.959,211047.2426,127355.5395,185082.9359,63962.93798,440981.1641,1475.001115,919.8899463,884.5852848,0.304674823
30/4/2016 16:17,1.353528219,1172768.297,231529.9221,137297.5856,186373.4607,78823.62413,539083.5161,1447.094734,888.2536706,920.0254992,0.196281821
30/4/2016 16:18,1.341341792,1108723.355,211155.9679,120761.3533,193856.42,66778.22056,516497.7305,1416.120295,871.6755904,864.5733707,0.097733169
30/4/2016 16:19,0.870335183,1091714.506,231547.9512,145763.9581,179699.2705,75923.36515,459098.0658,1475.179645,891.9672637,865.9916393,0.397542202
30/4/2016 16:20,1.111966806,1391510.069,271987.0699,163037.8294,227556.3955,99270.75593,630057.0454,1433.649566,933.0031233,857.8408059,0.163778647
30/4/2016 16:21,1.336413063,1020336.169,224937.185,142840.9811,136275.5616,74889.20298,441683.4863,1459.93137,892.9274465,890.8371444,0.517328356
30/4/2016 16:22,1.198775079,1057594.044,236587.9551,153492.3941,136699.9122,83249.55808,447863.719,1420.392827,864.419097,947.689606,0.560305573
30/4/2016 16:23,1.114184934,1294345.197,288974.2012,196871.2411,151298.5979,117565.8898,539992.5444,1495.374963,934.3835862,912.2334625,0.549256834
30/4/2016 16:24,0.807686667,1297194.331,288144.6374,201616.7808,174938.1881,110548.0671,522306.4368,1475.758783,925.4031633,942.8521401,0.528615458
30/4/2016 16:25,0.943932202,1432333.694,291705.4917,185921.1909,222713.5201,110127.0418,622271.3866,1428.889881,876.8917353,878.9315988,0.275253259
30/4/2016 16:26,1.001632263,1585414.735,324436.7611,213420.2021,221984.4607,134673.165,691338.52,1442.091203,905.191958,897.9958157,0.287060378
30/4/2016 16:27,1.343068906,1484199.615,326560.7413,223491.9798,150729.1524,145973.6459,637844.4304,1473.599544,890.3464904,920.2295881,0.505254401
30/4/2016 16:28,0.860201942,1050660.839,233818.1979,153378.5485,155769.7885,79208.5799,428787.5075,1481.390453,861.0396828,888.9538437,0.541116065
30/4/2016 16:29,0.838273405,1226558.075,250071.8589,154381.8253,215907.2953,81442.40967,525111.156,1470.198857,942.9667977,886.993895,0.280800051
30/4/2016 16:30,1.230166978,1246836.739,270598.4982,176098.972,157813.457,104780.3824,537895.0566,1438.204043,889.7011469,938.9514946,0.466755027
30/4/2016 16:31,1.213546281,1384266.177,260759.9607,149740.4732,237146.3146,92174.84796,644844.1696,1488.048284,906.2035708,918.2464044,0.064349717
30/4/2016 16:32,0.877693558,1532756.993,328949.3361,231651.6361,197630.2724,129859.375,645083.0061,1455.746817,885.6016194,888.1444825,0.422757367
30/4/2016 16:33,0.962016431,1042527.288,195933.56,108800.7986,213726.1675,54905.76448,469475.8374,1476.503066,932.1311724,930.9903582,0.060485133
30/4/2016 16:34,1.171435584,1285487.108,275116.581,178211.5909,169700.4465,107015.5698,555804.5354,1495.817151,916.8080448,864.4205858,0.424113259
30/4/2016 16:35,1.147082588,1153624.481,212767.3884,117216.1138,224181.9614,64131.27707,535671.0716,1408.494373,915.8646097,934.9943365,0.01015608
30/4/2016 16:36,1.164775474,1188212.096,246733.228,152860.8242,178384.2739,87397.22512,523178.1846,1486.36919,870.1320541,878.491808,0.337873988
30/4/2016 16:37,0.842821293,1007253.925,190485.1678,105824.6207,214462.6488,50862.50635,445925.1123,1462.404663,867.4382972,866.5632233,0.076713233
30/4/2016 16:38,1.226696826,1310036.482,253079.432,148430.327,216286.094,89684.34513,602934.898,1493.266164,872.4657992,901.3409997,0.13407867
30/4/2016 16:39,0.979194471,1562048.276,340762.8775,244391.8714,175991.6916,152599.4333,648722.0972,1494.185573,882.0904318,887.5765604,0.472621864
30/4/2016 16:40,1.257118309,1180975.381,237120.6675,142631.2472,185316.1301,82213.74484,534035.4104,1426.631222,894.4874834,889.7786861,0.242872195
30/4/2016 16:41,1.253886481,1395765.133,290548.5698,185559.0294,184673.3491,117357.9196,618016.9418,1497.630421,871.8277024,885.4117924,0.342821545
30/4/2016 16:42,1.151594174,1556758.827,353240.3901,259648.3296,139087.9829,167439.3577,637751.9249,1458.160503,876.0431953,852.0205604,0.594657776
30/4/2016 16:43,0.814696432,1268016.778,279472.9733,191857.9007,178144.4526,104864.716,514031.6743,1424.148369,937.654284,925.1519178,0.506158568
30/4/2016 16:44,0.940755949,1002514.388,197193.7489,114177.1212,192444.5884,57285.7627,441714.1185,1407.646886,877.8817548,866.3854479,0.185675013
30/4/2016 16:45,0.949932028,1427367.715,287673.0062,180514.1652,228802.8543,106163.589,624619.4075,1447.010776,927.4485766,881.2744345,0.245852372
30/4/2016 16:46,1.184886431,1072490.338,208231.6632,120392.6123,190577.0122,65249.12103,488357.4719,1403.176516,921.4500317,863.2403193,0.150401651
30/4/2016 16:47,0.948059739,1295393.242,282132.6786,189806.9269,175261.3343,110411.492,538143.7845,1402.070543,942.4144283,909.3871331,0.472415194
30/4/2016 16:48,0.874260918,1125837.786,222230.9647,130469.9638,214500.0468,66731.85119,492238.9224,1436.016333,922.6758353,851.6365663,0.192458792
30/4/2016 16:49,1.091710969,1569072.815,311195.6706,194736.4498,233618.6499,126625.6529,703335.7686,1430.828812,894.6979406,861.4967267,0.200994191
30/4/2016 16:50,0.884817867,1058470.239,229963.4082,147269.0913,165642.6092,76071.80845,439830.0444,1450.122986,937.0364893,890.2213369,0.469379024
30/4/2016 16:51,1.259270005,1492632.725,319861.9921,214296.3564,170313.1413,141844.739,646724.7643,1433.472167,910.0176694,931.6752442,0.426013696
30/4/2016 16:52,0.842940356,1024084.017,202321.5835,117704.9557,201297.282,58311.63714,444756.0723,1492.053167,867.9245249,948.5183699,0.19639872
30/4/2016 16:53,1.006400536,1168960.342,264375.733,179163.0424,146691.8603,99853.42632,479203.0848,1497.044374,923.9825662,902.9778509,0.589436243
30/4/2016 16:54,1.223848214,1544315.157,286002.8495,163114.0451,261794.8388,105978.2322,727865.1395,1443.651451,914.4699416,942.8678449,0.016982947
30/4/2016 16:55,1.393812814,1579988.334,356323.8443,253792.0931,134641.3876,166454.0879,669191.7618,1408.17341,920.527393,918.2557464,0.579170022
30/4/2016 16:56,1.021973105,1362359.119,272156.4492,166899.9361,221124.5213,99208.61583,603360.0764,1417.259251,878.7133421,870.1647559,0.223392462
30/4/2016 16:57,0.890852109,1053492.365,219520.6777,134846.4842,181645.7747,69331.4714,448457.9476,1407.558439,862.4492221,921.1836501,0.347266335
30/4/2016 16:58,1.241515607,1595001.73,331709.204,219065.6066,192077.2895,150705.3781,701880.762,1473.331436,856.2040655,934.4939456,0.337046364
30/4/2016 16:59,1.010001448,1042528.818,208780.1916,123309.2,187082.1834,64280.07445,459386.615,1419.310282,885.1314562,892.9651038,0.235685456
30/4/2016 17:00,1.348727249,1550926.523,307050.3561,189773.4464,212914.4211,128898.6637,712722.0588,1474.55784,880.3521084,905.501806,0.199713447
30/4/2016 17:01,1.205837532,1443801.674,279710.5969,166879.7056,228327.6146,106255.1534,663040.1175,1428.684021,850.0548912,879.4278624,0.139689429
30/4/2016 17:02,1.372115699,1234311.176,250870.8575,153250.7586,179482.005,90137.18246,560922.7177,1471.037199,886.1740895,867.3520732,0.27725715
30/4/2016 17:03,1.08686315,1275091.28,276297.5213,182026.2571,167629.8418,108287.8716,541207.9044,1449.73157,915.9985264,925.4179833,0.459834906
30/4/2016 17:04,1.092303812,1539968.001,330611.8951,227841.3869,178894.1061,149577.5882,653462.108,1481.526411,865.0326523,850.5054139,0.42790015
30/4/2016 17:05,0.998877882,1444268.987,308788.5306,209291.4346,186700.8743,130453.2592,609434.3433,1455.481073,875.9087777,905.1621932,0.415819126
30/4/2016 17:06,0.912696276,1003341.156,186218.7203,101741.8267,214964.7622,49835.72674,450885.6519,1474.560325,856.4684484,933.0342966,0.027010832
30/4/2016 17:07,1.256118463,1371960.242,287956.4459,184777.2547,179244.4135,115534.6004,604831.3653,1439.419272,896.2549475,885.7594883,0.367006505
30/4/2016 17:08,1.055851044,1274215.567,244124.5639,141175.0514,229982.128,81098.62221,578207.8114,1454.884761,880.996894,942.8543655,0.10987437
30/4/2016 17:09,1.32150639,1198906.668,223789.1556,126357.6875,212203.9384,73043.3653,563864.0736,1405.986875,856.8054542,915.3274794,0.04245159
30/4/2016 17:10,1.231012778,1191090.202,261738.5814,170696.2975,149692.499,98590.88955,510706.3036,1467.858325,917.3775357,913.7548807,0.504621126
30/4/2016 17:11,1.146993746,1117764.329,239102.2485,150706.463,161420.6919,83585.37082,483270.4047,1427.334022,924.1056403,887.8079022,0.425313758
30/4/2016 17:12,1.340940729,1487160.86,325841.1926,222143.855,153457.1206,144925.1751,641195.3307,1436.139472,941.6847026,860.2752713,0.492687771
30/4/2016 17:13,1.170976869,1570012.131,343308.3511,241301.0489,162569.2817,161619.5272,661635.2469,1487.745466,922.0049202,933.5340553,0.483090313
30/4/2016 17:14,1.333716694,1527690.32,304925.8522,189626.3739,208234.9206,127314.2918,698015.0198,1494.753569,887.3484004,881.5443171,0.222660398
30/4/2016 17:15,1.066084003,1289165.664,260143.2351,159432.0196,206478.9593,93159.47987,570323.059,1478.046,948.2537976,889.8280115,0.253504706
30/4/2016 17:16,1.04924092,1499158.258,297153.2992,184078.8879,233789.2651,115657.5593,668902.9556,1411.20813,912.1995959,923.8342516,0.199792229
30/4/2016 17:17,1.255839063,1109216.724,211010.0475,120413.3589,197992.3703,66739.00889,513389.6898,1475.4708,949.4238929,861.507509,0.094299011
30/4/2016 17:18,0.85930307,1510907.172,326323.8198,231111.6336,194472.5598,126960.3524,632449.3348,1406.103805,877.788027,871.0876511,0.441452976
30/4/2016 17:19,1.129163766,1041400.32,194489.6787,108088.0203,203718.2627,56911.48273,478505.6936,1410.989652,859.5519329,934.9123238,0.044801858
30/4/2016 17:20,0.92147234,1206267.673,269939.248,183884.931,158488.3286,102470.2877,491822.6676,1458.644459,907.0943988,863.5184256,0.555103152
30/4/2016 17:21,1.357453643,1044917.721,208727.5404,123433.0969,170658.5585,66211.91452,476192.3169,1409.105987,869.1459691,860.4606286,0.230450928
30/4/2016 17:22,1.396510781,1362429.628,277648.7358,172498.157,185167.3379,107830.3889,619668.1744,1443.193462,854.0102382,878.7023537,0.283440725
30/4/2016 17:23,1.183289806,1406415.795,269164.9699,157749.1679,233281.329,98287.25351,648337.0252,1475.868881,851.4723697,903.5108689,0.106591419
30/4/2016 17:24,1.292158278,1180969.948,227930.2266,132569.876,198349.4435,76566.99568,545898.1652,1467.956017,919.5807799,891.5342287,0.133162509
30/4/2016 17:25,1.249386232,1316817.64,297241.2474,203378.1843,139791.6428,122918.5406,553847.252,1479.393844,877.5963618,913.3491244,0.583985388
30/4/2016 17:26,1.381965744,1273117.001,265624.5868,166668.5222,170792.6488,99309.80714,571080.3186,1499.734364,929.2409872,866.9180574,0.351922551
30/4/2016 17:27,1.377558256,1331697.08,262170.0087,157533.433,199346.2274,97523.51542,615503.5235,1439.754142,932.3169521,937.1805447,0.187064668
30/4/2016 17:28,1.094106624,1183626.029,241621.3113,147559.8293,189480.5773,83121.02392,522186.4212,1485.680406,885.8110178,851.0297451,0.288298412
30/4/2016 17:29,0.895144432,1152720.308,251289.6131,164437.0392,171039.9127,88534.40806,477748.8984,1442.942195,934.1347319,852.6185744,0.477216597
30/4/2016 17:30,1.387024449,1055199.764,216657.1549,130841.3466,161941.2243,70777.58446,475288.2627,1469.464134,900.2046062,945.7947179,0.308410138
30/4/2016 17:31,0.918833551,1336008.794,273584.1777,172632.8899,215141.2454,98737.23945,576295.1144,1437.530959,877.861874,883.9202395,0.292048064
30/4/2016 17:32,1.263047841,1576203.337,303877.4152,182822.8472,236951.0797,122851.6093,730143.2647,1404.444215,938.6974269,860.3453937,0.12539762
30/4/2016 17:33,1.145191036,1303491.755,254069.2951,150231.636,217894.0171,89092.58874,592581.4676,1445.790049,918.1634423,875.1701423,0.157673437
30/4/2016 17:34,1.347609866,1525121.876,330289.3201,223849.4735,159919.0737,149808.9222,661667.527,1427.297254,911.0311265,949.3980443,0.457647451
30/4/2016 17:35,1.274720663,1285934.021,273387.5455,175335.2376,166968.2356,106214.7837,564389.48,1404.470779,914.3860774,878.5128753,0.405697008
30/4/2016 17:36,1.231240841,1397283.935,275763.8101,166941.9895,213381.1319,105279.4458,636315.5237,1467.62208,907.5236766,948.6113876,0.19191914
30/4/2016 17:37,1.217290069,1461233.47,307808.4952,201711.4938,183003.1135,130282.3444,638832.5062,1419.61692,933.3143049,868.596105,0.375655246
30/4/2016 17:38,0.920515737,1373612.378,289206.8043,190206.7234,202071.2038,110159.4449,582354.7708,1432.6564,942.2625676,864.5674572,0.370933927
30/4/2016 17:39,1.23659547,1238325.226,252072.5302,154352.9685,186161.1445,90785.95701,555307.8795,1406.421623,891.5834225,853.1692284,0.280849393
30/4/2016 17:40,0.990735349,1169797.495,259450.2756,172499.1864,157181.7264,96171.7476,484824.8885,1494.110809,939.1579923,911.244387,0.52996452
30/4/2016 17:41,0.819134098,1125071.977,247403.4452,163283.7978,170715.4525,85094.12356,458897.2531,1445.616747,946.8962757,884.8873752,0.502816463
30/4/2016 17:42,0.909774763,1581786.284,329607.8673,223945.2521,218793.436,127772.3954,682100.7421,1498.63614,918.6709761,862.6992261,0.33690283
30/4/2016 17:43,1.106181387,1023807.175,197602.625,112998.8773,191102.872,59418.88706,462990.0361,1451.459869,862.4981871,920.9150602,0.134284181
30/4/2016 17:44,0.883149132,1428362.793,272748.6662,159037.1441,268490.0984,86291.11718,642207.6154,1478.900229,887.2230149,881.8197057,0.095691295
30/4/2016 17:45,1.03177598,1401175.847,297210.9246,196972.035,188328.1651,121314.7978,597740.9932,1429.501146,897.4179719,862.5441833,0.394000642
30/4/2016 17:46,1.263853375,1424581.271,303873.3084,200025.3898,171098.4786,129068.2759,620909.4309,1472.05413,858.8805625,911.5785692,0.413560447
30/4/2016 17:47,1.184673617,1500525.615,296121.8774,181894.7131,224283.4214,118003.6028,680645.1678,1467.384805,924.6584045,863.2211538,0.189800424
30/4/2016 17:48,1.316066887,1301454.381,260684.1811,158499.255,192972.478,96897.9951,592771.9422,1496.715852,933.4528482,944.9960951,0.234950484
30/4/2016 17:49,1.036342555,1470568.956,325769.0689,231244.7136,162013.1817,145425.1136,606514.5102,1421.884862,945.3941749,908.0958285,0.521220689
30/4/2016 17:50,0.826336516,1330495.783,257898.4744,151442.1248,255990.8438,77918.63365,587632.8348,1408.941792,948.3367558,866.8206277,0.137651437
30/4/2016 17:51,1.343969853,1045049.203,193233.8631,107235.8653,197247.3224,56808.33781,490835.4155,1431.306271,903.6869176,940.6172435,0.01880163
30/4/2016 17:52,1.046168455,1452350.83,286278.4687,174969.8227,233395.9759,107880.9406,650238.9554,1454.952172,851.8631699,867.2865811,0.185007219
30/4/2016 17:53,1.260315192,1549967.396,330542.424,222599.6892,173976.0639,150376.13,672894.8957,1414.039162,912.2498699,889.7487019,0.410967434
30/4/2016 17:54,1.239582381,1221440.763,254566.0464,158847.9268,174921.2196,92906.12758,540547.9251,1402.471266,942.94286,938.0570286,0.348520208
30/4/2016 17:55,1.308982705,1092049.902,236791.6282,150027.6348,146912.1613,82620.81423,476008.2632,1428.73366,889.9462703,937.491924,0.466715708
30/4/2016 17:56,1.092613133,1468412.886,294185.7996,183581.5004,221088.8402,115966.2313,654005.2156,1470.022028,892.0729534,871.1720684,0.230707535
30/4/2016 17:57,1.049635969,1072623.148,215755.0954,128320.6407,186587.6572,68525.55626,473750.7542,1423.891754,885.4365205,929.7831723,0.247976074
30/4/2016 17:58,1.089049597,1110131.925,209063.0992,117290.2441,213318.9912,62953.19424,507837.5058,1432.36485,861.7700547,866.7734307,0.066107465
30/4/2016 17:59,1.21240572,1177195.389,228092.6396,132734.9581,201728.2657,75668.44978,539315.7567,1447.342863,875.4925317,861.6769796,0.143624625
30/4/2016 18:00,0.886697866,1223796.888,252961.4479,158442.2064,203290.8772,87143.19467,522313.0592,1445.63687,860.6657238,939.3271762,0.320523761
30/4/2016 18:01,1.328673814,1141104.443,246667.7077,156898.0884,150158.9599,88579.48509,499123.1684,1496.501079,882.3684833,946.5844107,0.456969699
30/4/2016 18:02,1.114008583,1568037.286,289347.8808,164140.0003,277245.9547,103663.462,734087.0597,1461.973259,856.0578983,904.7389032,0.005478136
30/4/2016 18:03,1.234162914,1323996.112,274665.0479,172934.6036,184027.0497,105815.7955,586927.9319,1489.66574,870.6537827,883.7529874,0.333614232
30/4/2016 18:04,1.391107729,1556458.152,330823.4703,220453.0039,168898.8501,150200.4753,686504.6096,1452.444913,891.5634,909.5089011,0.402566101
30/4/2016 18:05,1.225506688,1207135.112,262582.702,170134.047,155242.467,99152.28029,520363.3818,1481.741101,907.1389278,912.5344556,0.474012072
30/4/2016 18:06,0.94593106,1582656.525,342009.9136,244146.1705,186870.2769,146718.5166,663337.5592,1451.046212,939.1349566,865.4224017,0.443550715
30/4/2016 18:07,0.921632552,1401691.727,276844.9894,168653.983,241614.9727,96452.80167,618526.9341,1463.188421,935.4214969,940.2029534,0.189578027
30/4/2016 18:08,1.06391011,1205230.698,251246.6341,157258.9236,184403.049,89493.3176,523175.4212,1490.138274,942.99654,947.780536,0.347750642
30/4/2016 18:09,1.26950825,1160146.331,227256.1419,133651.3047,191775.2733,76451.83707,531350.2423,1406.389498,888.4626217,881.2872327,0.174277859
30/4/2016 18:10,1.051926918,1059387.466,201564.4398,113734.2139,205177.0472,59535.44045,479693.7627,1493.124537,921.2101984,932.4132618,0.09422269
30/4/2016 18:11,1.274613046,1476330.531,301196.2757,190508.2555,198005.2097,124720.8188,662312.1265,1468.594577,905.3323004,892.6729464,0.284392289
30/4/2016 18:12,1.160925895,1022461.983,228958.4671,147995.4052,135835.9659,78584.56603,431378.544,1474.548096,861.5127676,901.422188,0.563701045
30/4/2016 18:13,1.219631394,1400851.101,299686.4719,197646.4068,171073.4851,126289.1894,606543.7292,1433.007736,858.55786,949.3113257,0.421843969
30/4/2016 18:14,0.913405248,1119338.66,221306.1703,130168.5545,208989.0985,68002.8736,491203.7085,1459.280229,873.5021326,883.8483177,0.197485467
30/4/2016 18:15,1.134541648,1190194.81,262083.4466,171960.9799,153674.0417,98681.9238,504129.4546,1485.530785,918.8656001,926.4310856,0.510052415
30/4/2016 18:16,1.231471654,1218019.446,255242.0858,160116.8601,172491.2431,93270.68782,537245.5412,1445.914431,889.2221866,863.9439425,0.364503153
30/4/2016 18:17,1.131053444,1003994.684,214707.5518,133286.1688,152837.1499,70121.5148,433334.1656,1414.544708,922.2260832,921.7326355,0.426147503
30/4/2016 18:18,1.276787172,1367090.073,303367.8916,205695.8533,148204.4,127411.651,582783.6762,1427.083897,918.0250782,855.4089948,0.531874916
30/4/2016 18:19,0.974167327,1367881.162,283580.687,182258.7791,205794.8556,107753.8541,588880.3493,1476.792174,949.6414625,896.1961175,0.327555826
30/4/2016 18:20,1.018135852,1544799.174,286953.2548,163549.1641,281875.334,98028.09781,714834.8857,1498.945007,884.1934847,911.3881395,0.022066807
30/4/2016 18:21,0.843394275,1292902.311,264739.6203,166200.2768,218919.4831,90643.63777,552771.281,1474.861212,867.3435594,913.3922124,0.291483327
30/4/2016 18:22,1.241745702,1539537.441,322533.2758,212862.0128,186472.147,142848.3806,675244.4275,1480.376164,923.454387,933.0771558,0.359287886
30/4/2016 18:23,1.310505018,1024609.763,210730.3899,127146.4173,160780.1155,67527.57354,458723.7819,1469.430904,877.5839156,898.545874,0.313252701
30/4/2016 18:24,1.352364449,1309313.525,289646.1615,192961.2993,145071.6107,117247.469,564746.7252,1465.025772,854.7998348,871.1771591,0.523871666
30/4/2016 18:25,0.992041144,1046622.133,211312.0002,125765.2535,186035.675,65402.57764,458416.6895,1483.810966,918.6420441,907.8802817,0.258325787
30/4/2016 18:26,1.164254801,1529712.179,325640.2975,219978.1332,179976.029,146294.2169,658241.8584,1498.227937,898.5708309,881.8103681,0.40444953
30/4/2016 18:27,1.173276809,1269301.046,254041.2945,153676.0406,200428.812,90802.54836,570718.0485,1435.641773,889.3013579,859.8498406,0.232126394
30/4/2016 18:28,0.816078367,1307195.714,252362.6417,147096.7479,255246.7868,76088.65669,576782.789,1442.897668,879.2159361,926.8642797,0.126905453
30/4/2016 18:29,1.249089096,1134059.443,234293.0928,143612.7126,170768.0043,80993.47589,504719.3623,1466.557761,888.818175,916.3574123,0.324493317
30/4/2016 18:30,1.238020623,1044486.817,207132.8029,121856.8976,176746.6455,66002.13817,473056.0205,1452.623199,872.3790962,874.8478232,0.209637932
30/4/2016 18:31,1.243713723,1352721.325,286882.1186,185476.9623,173416.244,115235.4126,592088.6739,1486.143935,935.7397151,857.0188529,0.397315834
30/4/2016 18:32,0.965396786,1535338.179,343622.3804,253940.0079,158675.5411,155504.1449,624003.7279,1473.41039,898.0175482,910.8997513,0.549512495
30/4/2016 18:33,1.310276041,1238163.019,252310.2286,154686.9934,181270.7794,91419.25887,558829.6985,1451.844872,938.4385404,851.404916,0.284333386
30/4/2016 18:34,1.320099053,1420817.222,262283.37,148319.6067,242053.4018,93381.63157,675187.7437,1484.722454,907.737298,893.8663675,0.010897246
30/4/2016 18:35,1.307379834,1506989.036,340959.0631,241932.907,136677.8099,155566.977,632251.9368,1417.281408,873.901438,903.5341019,0.588953542
30/4/2016 18:36,0.843690347,1132911.127,236748.4922,147888.7885,193298.5603,77128.84034,478176.8535,1468.853611,901.4462827,918.0385093,0.353280615
30/4/2016 18:37,0.958391793,1213277.425,262036.4346,171441.2134,174278.21,96813.70274,509052.763,1415.674105,878.285438,867.6439719,0.449511677
30/4/2016 18:38,1.264174853,1391157.113,270278.1724,160840.5197,218119.8002,101307.2496,641008.9796,1490.63627,891.7646404,931.2092646,0.148900974
30/4/2016 18:39,1.373816899,1568263.563,308052.887,189232.6416,216325.3775,129660.7188,725428.9474,1426.626182,886.5690741,919.4978419,0.178045216
30/4/2016 18:40,0.826677719,1340614.659,303204.997,219633.7855,162327.0186,121774.8028,534038.9608,1434.96302,890.2488951,890.2446483,0.582497743
30/4/2016 18:41,1.327603502,1211141.499,264422.7669,171466.4747,149290.2389,99864.5869,526436.2431,1485.469545,943.3331262,904.1548875,0.485698016
30/4/2016 18:42,1.363785809,1129508.095,207880.8844,115399.3415,208411.7558,63750.58142,534399.4827,1408.089969,889.0508162,946.0891564,0.005731354
30/4/2016 18:43,1.26237113,1322432.262,297018.8862,202252.9285,141843.5459,122526.139,559152.0123,1480.89834,877.9485268,859.1034484,0.568723133
30/4/2016 18:44,1.388990773,1197007.353,231666.4382,135288.3374,194979.3114,78061.33229,557359.1326,1419.459617,894.4179458,878.1653896,0.141102878
30/4/2016 18:45,0.94240736,1559797.329,301351.8787,182017.1253,267394.1334,104933.2948,704541.9192,1493.650158,924.555916,854.5208646,0.126265986
30/4/2016 18:46,0.932570493,1348102.4,274501.8569,172319.1858,217920.4343,99149.36496,584596.9296,1435.095813,879.7817219,869.1581642,0.276048429
30/4/2016 18:47,0.910305016,1358529.37,271029.9364,166212.4994,232689.541,94450.17558,594537.8,1428.749826,899.4925794,944.4287317,0.218109694
30/4/2016 18:48,1.075546506,1394771.408,259759.9601,146770.5498,257056.9067,86964.51168,644624.2867,1471.426592,894.3130767,940.5076959,0.031992093
30/4/2016 18:49,1.354869871,1121169.356,212393.4002,120987.9377,196810.4193,67200.55497,524106.8852,1403.964855,899.685807,904.9010474,0.0831939
30/4/2016 18:50,1.019673144,1132658.807,233686.5725,143400.636,185152.8837,78577.47857,492171.2742,1415.569733,882.2800718,949.9562421,0.31868866
30/4/2016 18:51,0.990563251,1216397.116,274659.7328,188215.6186,149727.642,107111.74,497020.5491,1404.472598,883.3097266,896.0471008,0.58326327
30/4/2016 18:52,1.388579468,1210905.189,253448.9545,158132.5091,165869.7439,91347.52968,542449.6013,1462.911822,884.5104631,899.5341955,0.36193565
30/4/2016 18:53,1.34796763,1227725.052,228114.7495,128542.4377,216066.5656,74997.16289,580363.0311,1434.233634,863.1983998,895.6367642,0.030034996
30/4/2016 18:54,0.852884818,1002690.851,222938.3686,144600.0149,153099.0605,72780.22987,409563.1931,1417.640972,907.0513044,919.0652653,0.539370381
30/4/2016 18:55,1.062939936,1420566.644,282618.3716,173778.9205,224647.0244,106963.2619,632963.7018,1471.402522,931.1464352,937.7916746,0.211550442
30/4/2016 18:56,1.167368095,1247790.665,236573.1768,135168.0388,222716.3822,78036.95577,575661.4441,1485.231526,903.758121,874.1661266,0.083096142
30/4/2016 18:57,1.273569645,1147414.589,257359.8121,169426.4568,137082.3732,95525.22774,488341.0139,1407.170539,943.4945494,915.6662786,0.567421977
30/4/2016 18:58,0.908219363,1033449.979,204339.898,119105.8602,197944.7332,59710.34412,452658.3863,1466.043681,940.4201917,879.1356976,0.199209901
30/4/2016 18:59,1.117882108,1031166.961,230990.7528,149564.1003,138682.8885,79293.59715,432929.3983,1423.898364,912.5369749,914.4145518,0.564191473
30/4/2016 19:00,0.807167766,1359998.96,294684.8391,202924.4039,192328.0317,111024.4699,559415.3947,1487.04301,859.3025787,920.9796185,0.453152544
30/4/2016 19:01,1.129342014,1427457.088,304620.2549,202965.3339,178496.6821,129135.8752,612634.2404,1453.41486,921.3652065,886.6197673,0.413026194
30/4/2016 19:02,1.331294958,1029160.278,195777.5202,111260.4536,185920.4989,59062.52272,477444.8965,1445.746712,916.7495484,938.2489042,0.095398283
30/4/2016 19:03,1.005803829,1215556.409,262679.5316,171435.3725,171325.8075,97756.35442,512704.4134,1466.291998,938.7877167,904.6652679,0.451726998
30/4/2016 19:04,0.935046592,1195583.649,260232.6284,171311.014,171021.7137,95831.03958,497526.9904,1453.432565,885.1721549,904.7482502,0.472490051
30/4/2016 19:05,1.206510329,1222843.597,245653.7991,148357.6339,192236.0125,86492.00345,550457.3168,1496.793207,866.3905678,862.707378,0.243495789
30/4/2016 19:06,1.002760345,1486541.815,315548.3285,213633.5086,193119.1687,133744.505,630906.4101,1428.739883,920.085101,886.6311528,0.394019463
30/4/2016 19:07,1.082580377,1497228.799,324762.7795,224792.4431,172746.785,144841.1583,630493.4668,1457.400381,918.6143631,870.8511659,0.45885631
30/4/2016 19:08,1.168857866,1094462.132,213408.8422,123998.2338,192567.209,67985.32415,496825.769,1466.489359,878.3786162,901.0212011,0.161877331
30/4/2016 19:09,0.999020568,1363193.289,306134.6635,216212.1506,154555.8023,130710.0717,555952.3365,1420.44556,850.202031,895.7019352,0.563769396
30/4/2016 19:10,1.185679231,1303856.128,250941.3695,146463.4604,220522.5876,87516.76263,598789.9314,1482.369669,890.4868584,900.8991659,0.123390455
30/4/2016 19:11,1.177436207,1375621.457,299859.6452,201399.6263,162710.3907,126183.0337,585848.3907,1445.952091,927.0911114,949.430404,0.477000452
30/4/2016 19:12,1.317978249,1097604.242,230710.1187,142643.9775,159046.6984,78439.13764,487079.5164,1412.398862,889.1189424,906.2130966,0.375271807
30/4/2016 19:13,1.216645362,1561792.906,295876.4102,174062.2656,249702.2572,115715.0736,726878.9523,1441.517823,851.1638121,941.2226701,0.077338701
30/4/2016 19:14,1.380787656,1309975.546,279818.4482,180168.4566,161300.6119,109821.7732,579231.1725,1423.834796,935.3891297,888.6122273,0.419864043
30/4/2016 19:15,0.845019192,1105300.51,242252.8117,158486.6643,168416.3724,83244.02989,453218.1867,1417.758392,934.5741914,949.4044912,0.494109372
30/4/2016 19:16,0.92040352,1085904.95,231542.8696,146128.7262,173338.9226,77287.46231,457922.5533,1408.612644,910.2393023,922.7902955,0.414014088
30/4/2016 19:17,1.231615167,1245558.698,230630.4432,128875.8738,227606.8287,74940.60053,583870.5678,1452.573488,857.2749912,932.0484189,0.020087429
30/4/2016 19:18,1.310919894,1262842.261,252440.9533,152595.364,190781.8672,91842.4288,575543.752,1495.113457,857.7914054,907.1444884,0.229631064
30/4/2016 19:19,1.302836833,1508140.097,325565.5042,219620.1019,164074.0177,146415.3482,652875.107,1481.579902,862.0546844,946.0894551,0.447911439
30/4/2016 19:20,1.236799918,1515616.226,319631.2892,211638.517,181708.7191,140660.3466,662393.7021,1496.996194,903.4285893,851.9307253,0.378517745
30/4/2016 19:21,1.037661549,1045663.523,211580.1087,126114.7376,182343.1736,66205.54647,459729.0734,1482.694965,941.1505385,933.3216891,0.265037903
30/4/2016 19:22,1.1376522,1181670.393,257675.357,167141.887,157717.5627,95570.06134,503899.906,1443.698826,935.6526466,928.1609301,0.48100963
30/4/2016 19:23,1.227688345,1409731.19,267386.4965,155129.1013,235154.0658,96587.26566,655879.2698,1449.008954,924.8250597,869.3055805,0.082768684
30/4/2016 19:24,1.037765166,1148457.779,222196.5602,128313.7781,211556.0316,69897.23987,516833.9227,1461.133834,862.2241314,887.8540482,0.138316273
30/4/2016 19:25,1.06312302,1102007.32,217839.5401,127921.2703,195912.0427,68695.19796,491964.8152,1498.400392,934.4347892,871.9648242,0.198878126
30/4/2016 19:26,0.913293011,1377859.083,304699.8921,214017.432,170992.7595,125386.9927,563140.2516,1421.513551,928.6942633,867.3875761,0.515472867
30/4/2016 19:27,0.892593831,1218636.373,243809.0854,146969.8316,218785.1452,78827.78606,530600.7062,1496.51238,944.7327621,899.0641648,0.228442585
30/4/2016 19:28,1.282299233,1400986.517,295497.6519,191474.5728,175686.2501,121635.581,617081.9532,1451.642873,935.5068674,859.6710838,0.381369855
30/4/2016 19:29,1.1745916,1162167.419,216517.0003,120846.4551,218885.0481,66957.72487,539305.5828,1419.872672,899.9316881,878.4217556,0.037139353
30/4/2016 19:30,1.384713922,1461820.736,322848.2539,220099.4654,147078.2954,141765.1322,630423.8229,1443.333828,906.036636,866.6665147,0.517050717
30/4/2016 19:31,0.897548624,1078611.92,225238.605,139170.4486,183242.3721,72338.5409,458938.1359,1465.493228,883.9178983,918.0603116,0.353046303
30/4/2016 19:32,1.173328225,1096233.947,215264.0219,125877.3527,190019.1227,69145.80971,496250.7303,1487.287782,897.2342741,909.0312413,0.181357796
30/4/2016 19:33,0.9571876,1099157.345,208341.755,117077.9787,219620.8976,60653.93176,493792.1791,1407.422392,902.224055,936.2104487,0.08249765
30/4/2016 19:34,1.398781691,1334607.066,289503.2441,189687.3057,154112.7606,116420.1412,585251.8248,1456.492626,935.6414175,909.2316094,0.465304152
30/4/2016 19:35,0.829398088,1370233.162,303764.6144,215763.1729,176621.6035,119006.9549,555452.5546,1406.579538,939.8772057,875.1950244,0.521450548
30/4/2016 19:36,1.031724793,1048426.817,223777.6825,139841.2971,162835.7024,74024.59718,448252.2979,1405.768041,925.843018,897.4640596,0.419002414
30/4/2016 19:37,0.845762886,1122243.177,218483.9938,126274.2241,222220.9769,63677.06227,491921.3947,1438.914576,909.1086758,883.8331215,0.154056952
30/4/2016 19:38,1.395447889,1182589.341,259008.521,167116.4756,145439.0596,94681.39142,516674.553,1471.071788,949.3999968,915.9056101,0.495894676
30/4/2016 19:39,0.809682754,1528164.02,312370.2969,204836.7057,243670.5851,96724.8901,670985.7586,1431.013144,942.8766854,940.1757151,0.281018192
30/4/2016 19:40,1.244920397,1541515.22,343619.7543,243380.1473,147466.8607,159549.7085,647909.3285,1432.625696,923.8256581,859.1289803,0.542572869
30/4/2016 19:41,1.328885232,1158107.548,236916.6737,144362.9352,172944.5297,82031.8917,522184.6415,1449.2285,876.4083102,856.5988403,0.296434036
30/4/2016 19:42,1.166510793,1574193.005,340466.1056,236499.2731,169804.8077,159412.1426,668435.3369,1487.471547,884.7180447,915.655138,0.450395006
30/4/2016 19:43,1.211634757,1097771.083,210014.89,120168.5743,197206.3536,66092.77479,504613.4611,1496.545605,910.8172458,887.618178,0.109637492
30/4/2016 19:44,1.017442325,1567721.203,351069.388,259702.0463,154253.1111,164559.6421,638551.2914,1432.974166,883.5827971,928.5543885,0.551806723
30/4/2016 19:45,1.24970919,1426979.413,280898.71,170112.1846,215676.7737,108360.7431,652336.1468,1455.338377,911.0687744,885.160673,0.18455614
30/4/2016 19:46,1.187639764,1410162.39,268104.3327,155900.1087,237249.4899,96356.98861,652956.8955,1449.249881,911.0010544,850.5635249,0.088635652
30/4/2016 19:47,1.283460869,1599492.395,307325.5493,184665.5497,238419.0941,126027.357,743503.2881,1442.032352,874.5279274,878.4927911,0.116143979
30/4/2016 19:48,1.062948431,1255268.853,252415.4986,153472.9133,204717.1238,88648.25704,556378.1007,1401.691647,853.1996182,856.5843231,0.244183088
30/4/2016 19:49,0.886108088,1577603.293,344827.8184,251985.9175,183719.206,138099.369,659391.8211,1446.370234,894.8826106,915.6356291,0.476161677
30/4/2016 19:50,0.995381231,1049316.469,194083.099,106126.4721,218432.3466,53535.43695,477456.386,1410.291595,929.5804267,886.5769634,0.017896902
30/4/2016 19:51,0.822794734,1455215.933,289435.7674,179747.4409,253621.7286,92521.56605,640302.4759,1421.380391,878.0699921,856.0568415,0.206110406
30/4/2016 19:52,1.219297926,1118346.645,206436.8505,114330.0613,212949.2616,62869.68644,522093.6417,1499.376531,892.6709527,937.1185395,0.013132873
30/4/2016 19:53,1.040880855,1340224.702,257568.5526,150467.5698,237241.0177,88125.72112,607210.7794,1452.043033,861.1865949,897.2542871,0.117085148
30/4/2016 19:54,1.156004649,1081799.115,213002.7422,124599.6806,188757.7097,67510.79845,488247.5146,1477.77706,944.1870727,873.7622984,0.18892086
30/4/2016 19:55,0.960846243,1578317.233,337564.592,236884.607,192892.3504,145323.6834,666079.6576,1496.584747,927.8763886,872.801785,0.413577191
30/4/2016 19:56,1.24171325,1022071.725,193867.7056,109792.1015,188912.2138,58449.55228,471355.1774,1482.540305,893.9744597,905.9772733,0.087324527
30/4/2016 19:57,1.105164799,1321873.296,281631.4616,183688.8199,177298.0312,111872.0045,567754.5418,1487.942294,918.8763853,931.7273038,0.409441117
30/4/2016 19:58,1.382895644,1173427.091,239013.73,145220.9677,174176.5011,82767.11144,532585.5229,1432.494144,915.5216564,935.7218416,0.284198037
30/4/2016 19:59,1.231310114,1086957.4,237318.3672,151393.013,146592.885,83420.5816,468542.0344,1418.602929,887.6609267,900.7585389,0.486865049
30/4/2016 20:00,0.979040433,1004909.766,195449.9823,112044.0051,194470.3644,56717.32341,446530.188,1479.397503,941.9841852,949.6107502,0.154731248
30/4/2016 20:01,0.85853675,1420352.97,293144.7711,190430.8543,222960.2064,106123.8823,608093.527,1409.486198,886.4738581,896.5685384,0.311613545
30/4/2016 20:02,0.951409879,1502189.435,309441.817,202797.9074,219153.8613,122763.2037,648451.6442,1472.974425,938.5625709,945.2392027,0.306399472
30/4/2016 20:03,1.364082216,1486612.923,287344.3519,172029.4994,220511.7051,113641.9954,693504.9737,1462.962827,927.7966679,909.8900177,0.134436553
30/4/2016 20:04,1.397929102,1087654.934,241156.1324,154901.7999,136582.3048,83931.07663,471389.5092,1429.528002,935.045893,911.4032265,0.53383734
30/4/2016 20:05,1.226703997,1071092.183,220805.1445,134181.8804,167227.2431,73080.28527,476109.1136,1471.789569,924.7170623,851.8403898,0.319027289
30/4/2016 20:06,1.024933589,1070512.185,211528.2392,123747.2757,194868.2853,64949.69892,475736.4702,1410.951081,945.8050375,873.151917,0.197913883
30/4/2016 20:07,0.999144318,1518835.839,330552.7556,233133.6692,176489.9689,147378.7114,631692.4807,1428.91419,928.1131576,944.3591799,0.466762176
30/4/2016 20:08,1.071248411,1156864.171,225104.5321,130904.447,208181.7059,71795.83524,521218.6989,1465.551997,935.7335653,875.5278307,0.15444757
30/4/2016 20:09,1.190494598,1468380.902,290910.3994,178636.7964,219170.6693,115306.4689,664771.6401,1432.016037,856.0319658,888.0565244,0.200978953
30/4/2016 20:10,1.083954664,1420814.388,270498.8553,157578.6075,246892.2547,95789.51748,650464.3498,1431.514194,888.4190708,915.9962207,0.090845311
30/4/2016 20:11,1.356522661,1144035.434,241624.9749,150684.0006,159010.3339,84545.51723,508496.5644,1417.163153,906.700959,863.0390632,0.388780747
30/4/2016 20:12,1.316491866,1523430.891,283413.7691,162600.7885,248909.8403,106809.0051,722130.6487,1441.568571,923.8472093,919.3446137,0.030208056
30/4/2016 20:13,0.911343138,1235274.242,249421.1825,152215.1966,214481.4517,83296.80109,536218.8686,1450.503885,941.9016425,924.5607586,0.25412838
30/4/2016 20:14,1.387167308,1113946.902,248391.4717,161054.9987,135522.2892,88010.10412,481279.6613,1481.627432,889.3025888,886.2199306,0.550733428
30/4/2016 20:15,1.10812536,1224144.207,225999.2704,124915.557,236653.8364,69507.50168,567430.1104,1454.319919,921.6950499,905.8507993,0.01145141
30/4/2016 20:16,1.219712371,1340275.379,256277.5337,148984.1252,225091.9037,90662.50069,619646.6184,1405.995451,936.2033989,940.694492,0.10545244
30/4/2016 20:17,0.884525234,1213039.749,233645.1408,134546.6274,236253.9582,71226.97161,537725.5074,1453.614984,886.9353539,946.6720514,0.123059927
30/4/2016 20:18,0.976826729,1411734.536,301974.7882,203573.0868,187542.0347,124581.4051,594455.5547,1454.512511,893.2115675,910.8059852,0.417199254
30/4/2016 20:19,0.924181095,1191353.33,228263.1636,130678.9112,231230.28,69659.5309,531874.3283,1459.436617,864.6745294,917.3524778,0.109895211
30/4/2016 20:20,1.066442107,1069162.385,216781.3489,129751.2103,182438.0493,69134.33624,471372.1706,1485.209519,917.7274209,893.1351854,0.270722686
30/4/2016 20:21,0.855560569,1411821.343,284369.5421,178374.4853,237828.3759,97846.90515,613803.8794,1469.970065,880.3237641,880.1391364,0.242746436
30/4/2016 20:22,0.903776457,1434148.3,286573.2562,178303.1602,239433.5878,101678.7428,628567.6589,1468.555613,923.8995595,915.1973866,0.221032023
30/4/2016 20:23,1.18273163,1578471.036,330542.5843,220643.4635,191217.8548,149180.3136,687318.8171,1482.491788,937.4367042,934.1280345,0.356501352
30/4/2016 20:24,1.117617489,1275882.735,270266.7167,173560.65,177597.2576,103327.9622,551491.4523,1454.938871,935.6643472,927.5589012,0.393602539
30/4/2016 20:25,0.91740858,1486719.586,329081.8976,238202.5403,170226.5114,141554.5928,608054.4582,1437.36354,857.1835523,868.1283972,0.516161412
30/4/2016 20:26,1.243958907,1127953.625,246666.2353,158567.1156,147665.4556,89130.71886,486243.3952,1463.189755,868.6211865,887.547287,0.491257714
30/4/2016 20:27,1.392287975,1142615.043,231532.2378,139637.5156,173412.8498,78421.96036,519939.7702,1444.662956,908.1561347,948.956533,0.269861435
30/4/2016 20:28,0.990642693,1563700.532,326521.8553,220056.466,208353.3342,137218.0552,671980.7071,1453.335534,936.4829481,859.0202971,0.344905565
30/4/2016 20:29,1.313674003,1072839.009,216295.6919,129198.1811,171407.6715,70767.26034,485483.0036,1484.990437,872.6626553,948.9644546,0.255976141
30/4/2016 20:30,0.821612375,1190731.209,224206.2067,125100.2472,249805.8048,62284.75236,529689.0595,1498.965919,881.6488984,857.4886832,0.061473388
30/4/2016 20:31,1.245731839,1456187.75,284796.8006,171909.8445,221293.6975,110964.5774,667635.7943,1433.759983,883.8727699,909.5765999,0.166204374
30/4/2016 20:32,1.142778548,1254748.258,256563.8613,158230.4887,191898.1077,92464.26259,555951.7331,1414.057871,926.381705,852.5522088,0.292431588
30/4/2016 20:33,1.228272046,1176451.692,230145.6501,135171.2059,196949.6667,77282.84625,537245.7822,1434.875613,923.3329368,890.3357115,0.170219944
30/4/2016 20:34,1.334069163,1450407.399,317396.7437,214715.2288,153980.0927,138741.655,625967.7242,1467.995887,905.7022497,895.7669949,0.489230188
30/4/2016 20:35,1.201063446,1439872.209,271070.5373,156301.0767,243905.5441,97865.01182,671143.4597,1433.866881,861.586247,851.3354243,0.061818754
30/4/2016 20:36,0.913499143,1266724.959,243019.438,140163.0646,242690.0804,75833.26662,565391.1585,1446.834941,917.8691086,928.8228923,0.111875399
30/4/2016 20:37,0.916047112,1120326.72,239291.3698,152264.1206,175638.2602,81897.52931,471559.4854,1452.3615,862.1874082,896.5502051,0.418110937
30/4/2016 20:38,0.86884403,1120692.139,209548.9943,115693.5122,236438.4425,58056.05912,501292.0075,1423.078928,870.9618045,924.8413435,0.044532771
30/4/2016 20:39,1.378179956,1143549.509,237419.2274,145942.8535,165286.4669,81500.08789,513728.2278,1400.314814,938.5161798,902.4634759,0.339230315
30/4/2016 20:40,1.093759825,1158410.777,251545.7786,162265.7886,160234.1449,91786.46745,492908.2968,1427.762483,875.1398541,934.8736408,0.468371908
30/4/2016 20:41,0.992240776,1224241.827,231225.9648,130752.9142,235968.6289,71591.1402,555064.9385,1409.37094,864.3816975,900.7083261,0.071226128
30/4/2016 20:42,0.990857071,1549513.7,293129.5458,171331.2062,274636.13,101401.545,709456.3622,1403.359024,926.9938574,853.95599,0.070195381
30/4/2016 20:43,1.175986707,1183983.669,230444.4327,134434.4259,204012.2398,76000.07317,539439.1852,1438.299812,948.5090515,861.2405957,0.155838751
30/4/2016 20:44,1.069651924,1419733.584,295545.9482,191690.3243,197607.1108,119473.6444,615814.6281,1420.22884,861.8078989,863.5338638,0.339923579
30/4/2016 20:45,1.048806248,1140248.135,254007.4423,167895.2103,150114.0336,93329.12559,475224.352,1476.394192,886.4344341,908.6799453,0.544739484
30/4/2016 20:46,0.960587928,1408687.704,288114.0721,183641.4858,217185.238,109158.3549,610987.4064,1494.743853,903.778493,888.7291937,0.287895113
30/4/2016 20:47,1.182442897,1051317.018,226611.0448,142441.4465,151411.1191,76890.75431,454265.224,1445.017428,938.1382962,912.5399214,0.449092909
30/4/2016 20:48,1.157996931,1561227.931,339187.7195,236468.2897,167335.1079,158445.1726,660212.6154,1462.100388,890.1321049,933.7854598,0.463792518
30/4/2016 20:49,0.988979374,1189054.641,265915.3329,179238.2625,153446.113,101343.6827,489444.7415,1474.20707,850.3265859,911.9471893,0.554581957
30/4/2016 20:50,0.903303211,1035772.228,234267.7004,155183.5109,145456.2843,80106.5097,421053.7429,1494.455757,904.1100839,899.3129348,0.59118961
30/4/2016 20:51,1.263327396,1234765.602,234736.2036,134922.0333,212405.6111,79345.23507,573716.8551,1442.268164,898.0775862,936.0225963,0.091190031
30/4/2016 20:52,1.287684499,1268953.019,235459.2197,132422.4023,225368.4307,78350.90282,597722.6376,1455.931663,924.5861328,928.4773848,0.025698735
30/4/2016 20:53,1.062339986,1139607.588,253911.489,167556.74,149753.663,92777.05154,475930.4352,1432.263858,938.7907504,883.2568619,0.545354207
30/4/2016 20:54,0.94444945,1459876.137,288178.1604,176941.6181,244759.2365,102766.8698,647645.7287,1476.989505,945.931239,857.8515673,0.187419229
30/4/2016 20:55,1.213806688,1361346.659,257646.4633,148487.5124,232067.8797,90916.58646,632621.6582,1495.33911,851.3873867,895.0306553,0.077269063
30/4/2016 20:56,1.393850048,1090837.5,216584.5865,127955.6102,175976.3069,70540.61889,500098.1851,1447.160414,904.01369,942.7124248,0.213052808
30/4/2016 20:57,1.118018453,1552554.512,289907.4796,166832.1321,268628.6775,105686.1424,721942.4715,1439.296253,938.8829931,949.1694816,0.037238056
30/4/2016 20:58,0.934006346,1179972.026,230105.5916,134218.8788,221280.8909,71495.72628,523219.2969,1494.163411,895.6648684,857.2616034,0.158467561
30/4/2016 20:59,1.077472752,1114893.571,206030.1628,113216.6388,223061.5879,59964.62941,512954.4403,1400.005607,946.9580656,934.4115192,0.015311668
30/4/2016 21:00,0.945483658,1126580.942,243248.4757,156364.5549,169747.485,84643.66594,472900.7726,1413.412378,912.2321679,891.4108227,0.450229714
30/4/2016 21:01,0.986992097,1475720.515,329623.7743,238413.6936,159394.1438,147434.6286,601250.8136,1441.479966,931.0340216,927.8341672,0.545088779
30/4/2016 21:02,0.84700603,1014996.188,225765.4242,146933.5426,154536.6195,74151.60544,413902.128,1449.526041,936.6523381,931.236406,0.540280619
30/4/2016 21:03,1.243576116,1379556.451,297869.3907,197191.1847,164660.545,124020.8996,596195.9178,1469.898555,913.2733201,888.2029338,0.44976945
30/4/2016 21:04,0.846269782,1410784.192,260921.0981,144379.5347,290780.4512,72224.91699,642888.4224,1456.504998,947.1549112,864.6668253,0.009883664
30/4/2016 21:05,1.102807886,1563393.898,338214.3659,236231.8647,173355.9025,156533.1182,659481.0695,1432.228077,890.6252791,897.9739243,0.450284676
30/4/2016 21:06,1.086305679,1579520.328,321238.7265,208208.7417,217888.2427,136824.9827,695797.5575,1417.889204,895.5202284,878.4088998,0.271302379
30/4/2016 21:07,1.009014136,1057727.06,219860.3765,134456.566,175466.4906,70704.79104,457548.8988,1408.307239,902.175226,886.8518033,0.341456791
30/4/2016 21:08,1.367146137,1263023.488,236152.9264,134200.5084,216474.5392,79398.18044,597164.4603,1435.532467,912.5344414,855.0224772,0.046550326
30/4/2016 21:09,1.185505397,1153680.025,215183.1872,120229.2297,216613.6834,66716.33203,535279.5904,1433.122733,934.388678,943.5999612,0.040242315
30/4/2016 21:10,1.096758845,1472757.339,329444.497,234954.6765,152360.4954,148499.6967,607893.7213,1419.326457,935.3852694,855.0544639,0.551609934
30/4/2016 21:11,1.093253551,1501188.68,303108.6632,191988.7778,218475.3648,122929.751,665107.3763,1489.373961,930.1175964,891.6560796,0.252208396
30/4/2016 21:12,1.248343373,1037522.326,196409.8114,111127.3366,191288.2223,59495.16927,479510.9912,1443.933637,899.0867623,877.311873,0.081790474
30/4/2016 21:13,1.310724846,1003015.43,214241.7625,132570.153,146613.5344,69389.74584,440489.73,1420.540817,933.4497998,902.8658666,0.423350341
30/4/2016 21:14,1.038232298,1089701.516,214471.1818,125317.1321,197398.241,66998.78491,485839.1742,1483.795705,887.5203024,923.3968369,0.18672991
30/4/2016 21:15,0.938123788,1549949.327,315300.488,205011.9344,231924.9187,121202.6586,676940.8163,1497.876022,943.3240816,867.2886378,0.269545432
30/4/2016 21:16,1.137115487,1263175.567,277576.2875,184462.84,156990.7625,109675.6607,534822.5854,1458.230276,850.881649,895.2347352,0.502563567
30/4/2016 21:17,1.12637419,1502973.356,312951.5853,205386.6297,196699.4221,133933.0582,654419.3122,1455.864213,895.8842435,912.1637231,0.340150712
30/4/2016 21:18,1.048252545,1548864.313,351789.4567,262510.5359,143394.9155,165152.2713,626424.0125,1408.332148,935.2952724,872.6107673,0.595832565
30/4/2016 21:19,0.891652813,1460156.882,271683.7588,152819.3642,287940.5963,80975.36254,667159.424,1403.399566,940.8835603,895.2767248,0.025769597
30/4/2016 21:20,1.328480754,1125091.876,230241.6553,139809.4127,170378.7408,78188.37166,506798.4251,1408.279095,902.2851427,904.1268489,0.297827632
,,,,,,,,,,,
,,,,,,,,,,,
,,,,,,,,,,,
,,,,,,,,,,,
,,,,,,,,,,,
,,,,,,,,,,,
,,,,,,,,,,,
