Timestamp,Mass Flow Hot Inlet,Temperature Hot Feed,Mass Flow Cold In,Temperature Cold Feed,Duty,Temperature Hot Out,Temperature Cold Out
Categories,Independent,Independent,Independent,Independent,Dependent,Dependent,Dependent
30/4/2016 13:00,993.2,67.7,992.2,13.0,29907.5,41.8,38.9
30/4/2016 13:01,1002.8,69.8,998.9,16.1,27571.1,46.2,39.8
30/4/2016 13:02,1007.9,70.9,1002.4,17.7,26400.4,48.4,40.4
30/4/2016 13:03,1012.0,71.9,1005.3,19.0,25486.1,50.2,40.8
30/4/2016 13:04,1000.7,69.3,997.4,15.4,28079.2,45.2,39.6
30/4/2016 13:05,998.6,68.9,995.9,14.7,28592.9,44.2,39.4
30/4/2016 13:06,1003.2,69.9,999.1,16.2,27476.5,46.3,39.9
30/4/2016 13:07,1021.7,74.0,1012.0,22.1,23494.3,54.2,42.1
30/4/2016 13:08,1024.0,74.6,1013.6,22.9,23035.3,55.2,42.4
30/4/2016 13:09,1009.1,71.2,1003.3,18.1,26115.3,49.0,40.5
30/4/2016 13:10,1000.9,69.4,997.5,15.4,28034.4,45.3,39.6
30/4/2016 13:11,1015.9,72.7,1008.0,20.3,24651.6,51.9,41.3
30/4/2016 13:12,996.7,68.4,994.6,14.1,29055.4,43.3,39.2
30/4/2016 13:13,1004.5,70.2,1000.0,16.6,27174.2,46.9,40.0
30/4/2016 13:14,998.6,68.9,995.9,14.7,28572.5,44.3,39.4
30/4/2016 13:15,1004.0,70.1,999.7,16.4,27294.2,46.7,39.9
30/4/2016 13:16,1008.9,71.2,1003.1,18.0,26164.5,48.9,40.5
30/4/2016 13:17,1010.3,71.5,1004.0,18.5,25867.0,49.4,40.6
30/4/2016 13:18,1019.9,73.6,1010.8,21.5,23840.5,53.5,41.8
30/4/2016 13:19,1004.0,70.1,999.7,16.4,27289.5,46.7,39.9
30/4/2016 13:20,1002.4,69.7,998.6,15.9,27674.1,46.0,39.8
30/4/2016 13:21,997.2,68.6,995.0,14.3,28918.0,43.6,39.3
30/4/2016 13:22,996.9,68.5,994.7,14.2,28994.4,43.5,39.3
30/4/2016 13:23,1014.8,72.5,1007.2,19.9,24886.5,51.4,41.2
30/4/2016 13:24,1022.1,74.1,1012.3,22.3,23402.7,54.4,42.2
30/4/2016 13:25,1003.9,70.1,999.6,16.4,27312.3,46.6,39.9
30/4/2016 13:26,993.4,67.7,992.3,13.0,29869.3,41.8,38.9
30/4/2016 13:27,1014.0,72.3,1006.6,19.6,25062.2,51.0,41.1
30/4/2016 13:28,1025.2,74.8,1014.4,23.2,22821.6,55.7,42.6
30/4/2016 13:29,1012.9,72.1,1005.9,19.3,25297.2,50.6,40.9
30/4/2016 13:30,1019.8,73.6,1010.7,21.5,23859.4,53.5,41.8
30/4/2016 13:31,999.4,69.1,996.5,15.0,28385.7,44.6,39.5
30/4/2016 13:32,1008.8,71.2,1003.0,18.0,26189.2,48.8,40.5
30/4/2016 13:33,994.2,67.9,992.9,13.3,29661.0,42.2,39.0
30/4/2016 13:34,1005.9,70.5,1001.0,17.1,26851.5,47.5,40.1
30/4/2016 13:35,1022.5,74.2,1012.6,22.4,23325.6,54.6,42.2
30/4/2016 13:36,994.5,67.9,993.0,13.4,29601.8,42.3,39.0
30/4/2016 13:37,1022.7,74.3,1012.7,22.5,23282.0,54.7,42.2
30/4/2016 13:38,1023.4,74.4,1013.2,22.7,23157.5,55.0,42.3
30/4/2016 13:39,1010.7,71.6,1004.4,18.6,25767.6,49.6,40.7
30/4/2016 13:40,1020.4,73.8,1011.1,21.7,23734.5,53.7,41.9
30/4/2016 13:41,1003.9,70.1,999.6,16.4,27320.1,46.6,39.9
30/4/2016 13:42,1018.1,73.2,1009.5,21.0,24207.4,52.8,41.6
30/4/2016 13:43,1005.5,70.4,1000.7,16.9,26949.8,47.3,40.1
30/4/2016 13:44,1012.9,72.1,1005.9,19.3,25294.7,50.6,40.9
30/4/2016 13:45,1021.5,74.0,1011.9,22.1,23527.8,54.2,42.1
30/4/2016 13:46,992.8,67.6,991.8,12.8,30031.9,41.5,38.9
30/4/2016 13:47,1021.8,74.1,1012.1,22.2,23464.5,54.3,42.1
30/4/2016 13:48,994.7,68.0,993.2,13.5,29550.2,42.4,39.1
30/4/2016 13:49,1025.0,74.8,1014.3,23.2,22857.3,55.6,42.6
30/4/2016 13:50,1023.7,74.5,1013.4,22.8,23102.9,55.1,42.4
30/4/2016 13:51,1024.5,74.7,1014.0,23.0,22941.1,55.4,42.5
30/4/2016 13:52,1019.7,73.6,1010.6,21.5,23881.5,53.4,41.8
30/4/2016 13:53,996.0,68.3,994.1,13.9,29233.3,43.0,39.2
30/4/2016 13:54,996.9,68.5,994.7,14.2,28992.7,43.5,39.3
30/4/2016 13:55,1001.4,69.5,997.9,15.6,27901.7,45.5,39.7
30/4/2016 13:56,1021.7,74.1,1012.0,22.1,23478.1,54.3,42.1
30/4/2016 13:57,1015.0,72.5,1007.3,20.0,24856.1,51.5,41.2
30/4/2016 13:58,1015.4,72.6,1007.6,20.1,24755.1,51.7,41.3
30/4/2016 13:59,1013.4,72.2,1006.3,19.5,25179.8,50.8,41.0
30/4/2016 14:00,1004.3,70.1,999.9,16.5,27225.1,46.8,40.0
30/4/2016 14:01,1018.7,73.4,1010.0,21.2,24073.2,53.0,41.7
30/4/2016 14:02,1011.7,71.8,1005.1,18.9,25548.4,50.1,40.8
30/4/2016 14:03,1006.4,70.6,1001.3,17.2,26738.1,47.7,40.2
30/4/2016 14:04,1019.9,73.6,1010.7,21.5,23849.8,53.5,41.8
30/4/2016 14:05,1004.1,70.1,999.7,16.5,27278.0,46.7,40.0
30/4/2016 14:06,1021.8,74.1,1012.1,22.2,23463.6,54.3,42.1
30/4/2016 14:07,996.3,68.4,994.3,14.0,29135.1,43.2,39.2
30/4/2016 14:08,992.8,67.6,991.9,12.8,30030.3,41.5,38.9
30/4/2016 14:09,1012.3,71.9,1005.5,19.1,25417.7,50.3,40.9
30/4/2016 14:10,1008.6,71.1,1002.9,17.9,26234.3,48.7,40.4
30/4/2016 14:11,1024.8,74.7,1014.2,23.1,22892.1,55.5,42.5
30/4/2016 14:12,1020.4,73.8,1011.1,21.7,23732.0,53.8,41.9
30/4/2016 14:13,1017.5,73.1,1009.1,20.8,24334.7,52.5,41.5
30/4/2016 14:14,1014.4,72.4,1006.9,19.8,24982.6,51.2,41.1
30/4/2016 14:15,1013.5,72.2,1006.3,19.5,25163.1,50.8,41.0
30/4/2016 14:16,1023.5,74.5,1013.3,22.7,23131.7,55.0,42.4
30/4/2016 14:17,999.6,69.1,996.6,15.0,28333.8,44.7,39.5
30/4/2016 14:18,1019.9,73.6,1010.8,21.6,23835.9,53.5,41.9
30/4/2016 14:19,1014.6,72.5,1007.1,19.9,24925.0,51.3,41.2
30/4/2016 14:20,1009.6,71.3,1003.6,18.2,26011.8,49.2,40.6
30/4/2016 14:21,1020.1,73.7,1010.9,21.6,23810.1,53.6,41.9
30/4/2016 14:22,1017.3,73.1,1009.0,20.7,24364.2,52.5,41.5
30/4/2016 14:23,1003.5,70.0,999.4,16.3,27401.9,46.5,39.9
30/4/2016 14:24,1011.6,71.8,1005.0,18.9,25582.6,50.0,40.8
30/4/2016 14:25,1022.7,74.3,1012.7,22.4,23290.5,54.7,42.2
30/4/2016 14:26,1024.8,74.7,1014.2,23.1,22894.1,55.5,42.5
30/4/2016 14:27,1001.8,69.6,998.1,15.7,27817.3,45.7,39.7
30/4/2016 14:28,1003.8,70.0,999.5,16.4,27339.8,46.6,39.9
30/4/2016 14:29,994.6,68.0,993.1,13.4,29580.2,42.4,39.0
30/4/2016 14:30,1001.7,69.6,998.0,15.7,27847.0,45.6,39.7
30/4/2016 14:31,1017.9,73.2,1009.4,20.9,24240.9,52.7,41.6
30/4/2016 14:32,994.5,67.9,993.0,13.4,29604.6,42.3,39.0
30/4/2016 14:33,1007.1,70.8,1001.8,17.4,26574.9,48.1,40.3
30/4/2016 14:34,1010.2,71.5,1004.0,18.4,25888.7,49.4,40.6
30/4/2016 14:35,1018.8,73.4,1010.0,21.2,24071.6,53.1,41.7
30/4/2016 14:36,1006.1,70.5,1001.1,17.1,26806.7,47.6,40.2
30/4/2016 14:37,1017.3,73.1,1008.9,20.7,24370.6,52.4,41.5
30/4/2016 14:38,1021.5,74.0,1011.9,22.1,23524.3,54.2,42.1
30/4/2016 14:39,1010.7,71.6,1004.4,18.6,25768.7,49.6,40.7
,,,,,,,
,,,,,,,
,,,,,,,
,,,,,,,
,,,,,,,
,,,,,,,
,,,,,,,
,,,,,,,
,,,,,,,
,,,,,,,
,,,,,,,
,,,,,,,
,,,,,,,
,,,,,,,
,,,,,,,
,,,,,,,
,,,,,,,
,,,,,,,
,,,,,,,
,,,,,,,
,,,,,,,
,,,,,,,
,,,,,,,
,,,,,,,
,,,,,,,
,,,,,,,
,,,,,,,
,,,,,,,
,,,,,,,
,,,,,,,
,,,,,,,
,,,,,,,
,,,,,,,
,,,,,,,
,,,,,,,
,,,,,,,
,,,,,,,
,,,,,,,
,,,,,,,
,,,,,,,
,,,,,,,
,,,,,,,
,,,,,,,
,,,,,,,
,,,,,,,
,,,,,,,
,,,,,,,
,,,,,,,
,,,,,,,
,,,,,,,
,,,,,,,
,,,,,,,
,,,,,,,
,,,,,,,
,,,,,,,
,,,,,,,
,,,,,,,
,,,,,,,
,,,,,,,
,,,,,,,
,,,,,,,
,,,,,,,
,,,,,,,
,,,,,,,
,,,,,,,
,,,,,,,
,,,,,,,
,,,,,,,
,,,,,,,
,,,,,,,
,,,,,,,
,,,,,,,
,,,,,,,
,,,,,,,
,,,,,,,
,,,,,,,
,,,,,,,
,,,,,,,
,,,,,,,
,,,,,,,
,,,,,,,
,,,,,,,
,,,,,,,
,,,,,,,
,,,,,,,
,,,,,,,
,,,,,,,
,,,,,,,
,,,,,,,
,,,,,,,
,,,,,,,
,,,,,,,
,,,,,,,
,,,,,,,
,,,,,,,
,,,,,,,
,,,,,,,
,,,,,,,
,,,,,,,
,,,,,,,
,,,,,,,
,,,,,,,
,,,,,,,
,,,,,,,
,,,,,,,
,,,,,,,
,,,,,,,
,,,,,,,
,,,,,,,
,,,,,,,
,,,,,,,
,,,,,,,
,,,,,,,
,,,,,,,
,,,,,,,
,,,,,,,
,,,,,,,
,,,,,,,
,,,,,,,
,,,,,,,
,,,,,,,
,,,,,,,
,,,,,,,
,,,,,,,
,,,,,,,
,,,,,,,
,,,,,,,
,,,,,,,
,,,,,,,
,,,,,,,
,,,,,,,
,,,,,,,
,,,,,,,
,,,,,,,
,,,,,,,
,,,,,,,
,,,,,,,
,,,,,,,
,,,,,,,
,,,,,,,
,,,,,,,
,,,,,,,
,,,,,,,
,,,,,,,
,,,,,,,
,,,,,,,
,,,,,,,
,,,,,,,
,,,,,,,
,,,,,,,
,,,,,,,
,,,,,,,
,,,,,,,
,,,,,,,
,,,,,,,
,,,,,,,
,,,,,,,
,,,,,,,
,,,,,,,
,,,,,,,
,,,,,,,
,,,,,,,
,,,,,,,
,,,,,,,
,,,,,,,
,,,,,,,
,,,,,,,
,,,,,,,
,,,,,,,
,,,,,,,
,,,,,,,
,,,,,,,
,,,,,,,
,,,,,,,
,,,,,,,
,,,,,,,
,,,,,,,
,,,,,,,
,,,,,,,
,,,,,,,
,,,,,,,
,,,,,,,
,,,,,,,
,,,,,,,
,,,,,,,
,,,,,,,
,,,,,,,
,,,,,,,
,,,,,,,
,,,,,,,
,,,,,,,
,,,,,,,
,,,,,,,
,,,,,,,
,,,,,,,
,,,,,,,
,,,,,,,
,,,,,,,
,,,,,,,
,,,,,,,
,,,,,,,
,,,,,,,
,,,,,,,
,,,,,,,
,,,,,,,
,,,,,,,
,,,,,,,
,,,,,,,
,,,,,,,
,,,,,,,
,,,,,,,
,,,,,,,
,,,,,,,
,,,,,,,
,,,,,,,
,,,,,,,
,,,,,,,
,,,,,,,
,,,,,,,
,,,,,,,
,,,,,,,
,,,,,,,
,,,,,,,
,,,,,,,
,,,,,,,
,,,,,,,
,,,,,,,
,,,,,,,
,,,,,,,
,,,,,,,
,,,,,,,
,,,,,,,
,,,,,,,
,,,,,,,
,,,,,,,
,,,,,,,
,,,,,,,
,,,,,,,
,,,,,,,
,,,,,,,
,,,,,,,
,,,,,,,
,,,,,,,
,,,,,,,
,,,,,,,
,,,,,,,
,,,,,,,
,,,,,,,
,,,,,,,
,,,,,,,
,,,,,,,
,,,,,,,
,,,,,,,
,,,,,,,
,,,,,,,
,,,,,,,
,,,,,,,
,,,,,,,
,,,,,,,
,,,,,,,
,,,,,,,
,,,,,,,
,,,,,,,
,,,,,,,
,,,,,,,
,,,,,,,
,,,,,,,
,,,,,,,
,,,,,,,
,,,,,,,
,,,,,,,
,,,,,,,
,,,,,,,
,,,,,,,
,,,,,,,
,,,,,,,
,,,,,,,
,,,,,,,
,,,,,,,
,,,,,,,
,,,,,,,
,,,,,,,
,,,,,,,
,,,,,,,
,,,,,,,
,,,,,,,
,,,,,,,
,,,,,,,
,,,,,,,
,,,,,,,
,,,,,,,
,,,,,,,
,,,,,,,
,,,,,,,
,,,,,,,
,,,,,,,
,,,,,,,
,,,,,,,
,,,,,,,
,,,,,,,
,,,,,,,
,,,,,,,
,,,,,,,
,,,,,,,
,,,,,,,
,,,,,,,
,,,,,,,
,,,,,,,
,,,,,,,
,,,,,,,
,,,,,,,
,,,,,,,
,,,,,,,
,,,,,,,
,,,,,,,
,,,,,,,
,,,,,,,
,,,,,,,
,,,,,,,
,,,,,,,
,,,,,,,
,,,,,,,
,,,,,,,
,,,,,,,
,,,,,,,
,,,,,,,
,,,,,,,
,,,,,,,
,,,,,,,
,,,,,,,
,,,,,,,
,,,,,,,
,,,,,,,
,,,,,,,
,,,,,,,
,,,,,,,
,,,,,,,
,,,,,,,
,,,,,,,
,,,,,,,
,,,,,,,
,,,,,,,
,,,,,,,
,,,,,,,
,,,,,,,
,,,,,,,
,,,,,,,
,,,,,,,
,,,,,,,
,,,,,,,
,,,,,,,
,,,,,,,
,,,,,,,
,,,,,,,
,,,,,,,
,,,,,,,
,,,,,,,
,,,,,,,
,,,,,,,
,,,,,,,
,,,,,,,
,,,,,,,
,,,,,,,
,,,,,,,
,,,,,,,
,,,,,,,
,,,,,,,
,,,,,,,
,,,,,,,
,,,,,,,
,,,,,,,
,,,,,,,
,,,,,,,
,,,,,,,
,,,,,,,
,,,,,,,
,,,,,,,
,,,,,,,
,,,,,,,
,,,,,,,
,,,,,,,
,,,,,,,
,,,,,,,
,,,,,,,
,,,,,,,
,,,,,,,
,,,,,,,
,,,,,,,
,,,,,,,
,,,,,,,
,,,,,,,
,,,,,,,
,,,,,,,
,,,,,,,
,,,,,,,
,,,,,,,
,,,,,,,
,,,,,,,
,,,,,,,
,,,,,,,
,,,,,,,
,,,,,,,
,,,,,,,
,,,,,,,
,,,,,,,
,,,,,,,
,,,,,,,
,,,,,,,
,,,,,,,
,,,,,,,
,,,,,,,
,,,,,,,
,,,,,,,
,,,,,,,
,,,,,,,
,,,,,,,
,,,,,,,
,,,,,,,
,,,,,,,
,,,,,,,
,,,,,,,
,,,,,,,
,,,,,,,
,,,,,,,
,,,,,,,
,,,,,,,
,,,,,,,
,,,,,,,
,,,,,,,
,,,,,,,
,,,,,,,
,,,,,,,
,,,,,,,
,,,,,,,
,,,,,,,
,,,,,,,
,,,,,,,
,,,,,,,
,,,,,,,
,,,,,,,
,,,,,,,
,,,,,,,
,,,,,,,
,,,,,,,
,,,,,,,
,,,,,,,
,,,,,,,
,,,,,,,
,,,,,,,
,,,,,,,
,,,,,,,
,,,,,,,
,,,,,,,
,,,,,,,
,,,,,,,
,,,,,,,
,,,,,,,
,,,,,,,
,,,,,,,
,,,,,,,
,,,,,,,
,,,,,,,
,,,,,,,
,,,,,,,
,,,,,,,
,,,,,,,
,,,,,,,
,,,,,,,
,,,,,,,
,,,,,,,
,,,,,,,
,,,,,,,
,,,,,,,
,,,,,,,
,,,,,,,
,,,,,,,
,,,,,,,
,,,,,,,
,,,,,,,
,,,,,,,
,,,,,,,
,,,,,,,
,,,,,,,
,,,,,,,
,,,,,,,
,,,,,,,
,,,,,,,
,,,,,,,
,,,,,,,
,,,,,,,
,,,,,,,
,,,,,,,
,,,,,,,
,,,,,,,
,,,,,,,
,,,,,,,
,,,,,,,
,,,,,,,
,,,,,,,
,,,,,,,
,,,,,,,
,,,,,,,
,,,,,,,
,,,,,,,
,,,,,,,
,,,,,,,
,,,,,,,
,,,,,,,
,,,,,,,
,,,,,,,
,,,,,,,
,,,,,,,
,,,,,,,
,,,,,,,
,,,,,,,
,,,,,,,
,,,,,,,
,,,,,,,
,,,,,,,
,,,,,,,
,,,,,,,
,,,,,,,
,,,,,,,
,,,,,,,
,,,,,,,
,,,,,,,
,,,,,,,
,,,,,,,
,,,,,,,
,,,,,,,
,,,,,,,
,,,,,,,
,,,,,,,
,,,,,,,
,,,,,,,
,,,,,,,
,,,,,,,
,,,,,,,
,,,,,,,
,,,,,,,
,,,,,,,
,,,,,,,
,,,,,,,
,,,,,,,
,,,,,,,
,,,,,,,
,,,,,,,
,,,,,,,
,,,,,,,
,,,,,,,
,,,,,,,
,,,,,,,
,,,,,,,
,,,,,,,
,,,,,,,
,,,,,,,
,,,,,,,
,,,,,,,
,,,,,,,
,,,,,,,
,,,,,,,
,,,,,,,
,,,,,,,
,,,,,,,
,,,,,,,
,,,,,,,
,,,,,,,
,,,,,,,
,,,,,,,
,,,,,,,
,,,,,,,
,,,,,,,
,,,,,,,
,,,,,,,
,,,,,,,
,,,,,,,
,,,,,,,
,,,,,,,
,,,,,,,
,,,,,,,
,,,,,,,
,,,,,,,
,,,,,,,
,,,,,,,
,,,,,,,
,,,,,,,
,,,,,,,
,,,,,,,
,,,,,,,
,,,,,,,
,,,,,,,
,,,,,,,
,,,,,,,
,,,,,,,
,,,,,,,
,,,,,,,
,,,,,,,
,,,,,,,
,,,,,,,
,,,,,,,
,,,,,,,
,,,,,,,
,,,,,,,
,,,,,,,
,,,,,,,
,,,,,,,
,,,,,,,
,,,,,,,
,,,,,,,
,,,,,,,
,,,,,,,
,,,,,,,
,,,,,,,
,,,,,,,
,,,,,,,
,,,,,,,
,,,,,,,
,,,,,,,
,,,,,,,
,,,,,,,
,,,,,,,
,,,,,,,
,,,,,,,
,,,,,,,
,,,,,,,
,,,,,,,
,,,,,,,
,,,,,,,
,,,,,,,
,,,,,,,
,,,,,,,
,,,,,,,
,,,,,,,
,,,,,,,
,,,,,,,
,,,,,,,
,,,,,,,
,,,,,,,
,,,,,,,
,,,,,,,
,,,,,,,
,,,,,,,
,,,,,,,
,,,,,,,
,,,,,,,
,,,,,,,
,,,,,,,
,,,,,,,
,,,,,,,
,,,,,,,
,,,,,,,
,,,,,,,
,,,,,,,
,,,,,,,
,,,,,,,
,,,,,,,
,,,,,,,
,,,,,,,
,,,,,,,
,,,,,,,
,,,,,,,
,,,,,,,
,,,,,,,
,,,,,,,
,,,,,,,
,,,,,,,
,,,,,,,
,,,,,,,
,,,,,,,
,,,,,,,
,,,,,,,
,,,,,,,
,,,,,,,
,,,,,,,
,,,,,,,
,,,,,,,
,,,,,,,
,,,,,,,
,,,,,,,
,,,,,,,
,,,,,,,
,,,,,,,
,,,,,,,
,,,,,,,
,,,,,,,
,,,,,,,
,,,,,,,
,,,,,,,
,,,,,,,
,,,,,,,
,,,,,,,
,,,,,,,
,,,,,,,
,,,,,,,
,,,,,,,
,,,,,,,
,,,,,,,
,,,,,,,
,,,,,,,
,,,,,,,
,,,,,,,
,,,,,,,
,,,,,,,
,,,,,,,
,,,,,,,
,,,,,,,
,,,,,,,
,,,,,,,
,,,,,,,
,,,,,,,
,,,,,,,
,,,,,,,
,,,,,,,
,,,,,,,
,,,,,,,
,,,,,,,
,,,,,,,
,,,,,,,
,,,,,,,
,,,,,,,
,,,,,,,
,,,,,,,
,,,,,,,
,,,,,,,
,,,,,,,
,,,,,,,
,,,,,,,
,,,,,,,
,,,,,,,
,,,,,,,
,,,,,,,
,,,,,,,
,,,,,,,
,,,,,,,
,,,,,,,
,,,,,,,
,,,,,,,
,,,,,,,
,,,,,,,
,,,,,,,
,,,,,,,
,,,,,,,
,,,,,,,
,,,,,,,
,,,,,,,
,,,,,,,
,,,,,,,
,,,,,,,
,,,,,,,
,,,,,,,
,,,,,,,
,,,,,,,
,,,,,,,
,,,,,,,
,,,,,,,
,,,,,,,
,,,,,,,
,,,,,,,
,,,,,,,
,,,,,,,
,,,,,,,
,,,,,,,
,,,,,,,
,,,,,,,
,,,,,,,
,,,,,,,
,,,,,,,
,,,,,,,
,,,,,,,
,,,,,,,
,,,,,,,
,,,,,,,
,,,,,,,
,,,,,,,
,,,,,,,
,,,,,,,
,,,,,,,
,,,,,,,
,,,,,,,
,,,,,,,
,,,,,,,
,,,,,,,
,,,,,,,
,,,,,,,
,,,,,,,
,,,,,,,
,,,,,,,
,,,,,,,
,,,,,,,
,,,,,,,
,,,,,,,
,,,,,,,
,,,,,,,
,,,,,,,
,,,,,,,
,,,,,,,
,,,,,,,
,,,,,,,
,,,,,,,
,,,,,,,
,,,,,,,
,,,,,,,
,,,,,,,
,,,,,,,
,,,,,,,
,,,,,,,
,,,,,,,
,,,,,,,
,,,,,,,
,,,,,,,
,,,,,,,
,,,,,,,
,,,,,,,
,,,,,,,
,,,,,,,
,,,,,,,
,,,,,,,
,,,,,,,
,,,,,,,
,,,,,,,
,,,,,,,
,,,,,,,
,,,,,,,
,,,,,,,
,,,,,,,
,,,,,,,
,,,,,,,
,,,,,,,
,,,,,,,
,,,,,,,
,,,,,,,
,,,,,,,
,,,,,,,
,,,,,,,
,,,,,,,
,,,,,,,
,,,,,,,
,,,,,,,
,,,,,,,
,,,,,,,
,,,,,,,
,,,,,,,
,,,,,,,
,,,,,,,
,,,,,,,
,,,,,,,
,,,,,,,
,,,,,,,
,,,,,,,
,,,,,,,
,,,,,,,
,,,,,,,
,,,,,,,
,,,,,,,
,,,,,,,
,,,,,,,
,,,,,,,
,,,,,,,
,,,,,,,
,,,,,,,
,,,,,,,
,,,,,,,
,,,,,,,
,,,,,,,
,,,,,,,
,,,,,,,
,,,,,,,
,,,,,,,
,,,,,,,
,,,,,,,
,,,,,,,
,,,,,,,
,,,,,,,
,,,,,,,
,,,,,,,
,,,,,,,
,,,,,,,
,,,,,,,
,,,,,,,
,,,,,,,
,,,,,,,
,,,,,,,
,,,,,,,
,,,,,,,
,,,,,,,
,,,,,,,
,,,,,,,
,,,,,,,
,,,,,,,
,,,,,,,
,,,,,,,
,,,,,,,
,,,,,,,
,,,,,,,
,,,,,,,
,,,,,,,
,,,,,,,
,,,,,,,
,,,,,,,
,,,,,,,
,,,,,,,
,,,,,,,
,,,,,,,
,,,,,,,
,,,,,,,
,,,,,,,
,,,,,,,
,,,,,,,
,,,,,,,
,,,,,,,
,,,,,,,
,,,,,,,
,,,,,,,
,,,,,,,
,,,,,,,
,,,,,,,
,,,,,,,
,,,,,,,
,,,,,,,
,,,,,,,
,,,,,,,
,,,,,,,
,,,,,,,
,,,,,,,
,,,,,,,
,,,,,,,
,,,,,,,
,,,,,,,
,,,,,,,
,,,,,,,
,,,,,,,
,,,,,,,
,,,,,,,
,,,,,,,
,,,,,,,
,,,,,,,
,,,,,,,
,,,,,,,
,,,,,,,
,,,,,,,
,,,,,,,
,,,,,,,
,,,,,,,
,,,,,,,
,,,,,,,
,,,,,,,
,,,,,,,
,,,,,,,
,,,,,,,
,,,,,,,
,,,,,,,
,,,,,,,
,,,,,,,
,,,,,,,
,,,,,,,
,,,,,,,
,,,,,,,
,,,,,,,
,,,,,,,
,,,,,,,
,,,,,,,
,,,,,,,
,,,,,,,
,,,,,,,
,,,,,,,
,,,,,,,
,,,,,,,
,,,,,,,
,,,,,,,
,,,,,,,
,,,,,,,
,,,,,,,
,,,,,,,
,,,,,,,
,,,,,,,
,,,,,,,
,,,,,,,
,,,,,,,
,,,,,,,
,,,,,,,
,,,,,,,
,,,,,,,
,,,,,,,
,,,,,,,
,,,,,,,
,,,,,,,
,,,,,,,
,,,,,,,
,,,,,,,
,,,,,,,
,,,,,,,
,,,,,,,
,,,,,,,
,,,,,,,
,,,,,,,
,,,,,,,
,,,,,,,
,,,,,,,
,,,,,,,
,,,,,,,
,,,,,,,
,,,,,,,
,,,,,,,
,,,,,,,
,,,,,,,
,,,,,,,
,,,,,,,
,,,,,,,
,,,,,,,
,,,,,,,
,,,,,,,
,,,,,,,
,,,,,,,
,,,,,,,
,,,,,,,
,,,,,,,
,,,,,,,
,,,,,,,
,,,,,,,
,,,,,,,
,,,,,,,
,,,,,,,
,,,,,,,
,,,,,,,
,,,,,,,
,,,,,,,
,,,,,,,
,,,,,,,
,,,,,,,
,,,,,,,
,,,,,,,
,,,,,,,
,,,,,,,
,,,,,,,
,,,,,,,
,,,,,,,
,,,,,,,
,,,,,,,
,,,,,,,
,,,,,,,
,,,,,,,
,,,,,,,
,,,,,,,
,,,,,,,
,,,,,,,
,,,,,,,
,,,,,,,
,,,,,,,
,,,,,,,
,,,,,,,
,,,,,,,
,,,,,,,
,,,,,,,
,,,,,,,
,,,,,,,
,,,,,,,
,,,,,,,
,,,,,,,
,,,,,,,
,,,,,,,
,,,,,,,
,,,,,,,
,,,,,,,
,,,,,,,
,,,,,,,
,,,,,,,
,,,,,,,
,,,,,,,
,,,,,,,
,,,,,,,
,,,,,,,
,,,,,,,
,,,,,,,
,,,,,,,
,,,,,,,
,,,,,,,
,,,,,,,
,,,,,,,
,,,,,,,
,,,,,,,
,,,,,,,
,,,,,,,
,,,,,,,
,,,,,,,
,,,,,,,
,,,,,,,
,,,,,,,
,,,,,,,
,,,,,,,
,,,,,,,
,,,,,,,
,,,,,,,
,,,,,,,
,,,,,,,
,,,,,,,
,,,,,,,
,,,,,,,
,,,,,,,
,,,,,,,
,,,,,,,
,,,,,,,
,,,,,,,
,,,,,,,
,,,,,,,
,,,,,,,
,,,,,,,
,,,,,,,
,,,,,,,
,,,,,,,
,,,,,,,
,,,,,,,
,,,,,,,
,,,,,,,
,,,,,,,
,,,,,,,
,,,,,,,
,,,,,,,
,,,,,,,
,,,,,,,
,,,,,,,
,,,,,,,
,,,,,,,
,,,,,,,
,,,,,,,
,,,,,,,
,,,,,,,
,,,,,,,
,,,,,,,
,,,,,,,
,,,,,,,
,,,,,,,
,,,,,,,
,,,,,,,
,,,,,,,
,,,,,,,
,,,,,,,
,,,,,,,
,,,,,,,
,,,,,,,
,,,,,,,
,,,,,,,
,,,,,,,
,,,,,,,
,,,,,,,
,,,,,,,
,,,,,,,
,,,,,,,
,,,,,,,
,,,,,,,
,,,,,,,
,,,,,,,
,,,,,,,
,,,,,,,
,,,,,,,
,,,,,,,
,,,,,,,
,,,,,,,
,,,,,,,
,,,,,,,
,,,,,,,
,,,,,,,
,,,,,,,
,,,,,,,
,,,,,,,
,,,,,,,
,,,,,,,
,,,,,,,
,,,,,,,
,,,,,,,
,,,,,,,
,,,,,,,
,,,,,,,
,,,,,,,
,,,,,,,
,,,,,,,
,,,,,,,
,,,,,,,
,,,,,,,
,,,,,,,
,,,,,,,
,,,,,,,
,,,,,,,
,,,,,,,
,,,,,,,
,,,,,,,
,,,,,,,
,,,,,,,
,,,,,,,
,,,,,,,
,,,,,,,
,,,,,,,
,,,,,,,
,,,,,,,
,,,,,,,
,,,,,,,
,,,,,,,
,,,,,,,
,,,,,,,
,,,,,,,
,,,,,,,
,,,,,,,
,,,,,,,
,,,,,,,
,,,,,,,
,,,,,,,
,,,,,,,
,,,,,,,
,,,,,,,
,,,,,,,
,,,,,,,
,,,,,,,
,,,,,,,
,,,,,,,
,,,,,,,
,,,,,,,
,,,,,,,
,,,,,,,
,,,,,,,
,,,,,,,
,,,,,,,
,,,,,,,
