Timestamp,MASS FLOW HOT INLET,temperature hot feed,PRESSURE hot IN,mass flow cold in,temperature cold feed,PRESS cold in,duty,temperature hot out,temperature cold out
Categories,Independent,Independent,Independent,Independent,Independent,Independent,Dependent,Dependent,Dependent
30/4/2016 13:00,100,100,50,80,0,50,4281.59707,56.5267153,55.3121525
30/4/2016 13:01,150,100,50,80,0,50,5348.33032,63.8600489,68.9565786
30/4/2016 13:02,140,100,50,80,0,50,5166.07601,62.5866406,66.6311868
30/4/2016 13:03,130,100,50,80,0,50,4970.04103,61.2249643,64.1272426
30/4/2016 13:04,120,100,50,80,0,50,4758.06873,59.7713787,61.4166124
30/4/2016 13:05,110,100,50,80,0,50,4528.67041,58.2147311,58.4795654
30/4/2016 13:06,100,100,50,80,0,50,4280.15471,56.5415101,55.2936495
30/4/2016 13:07,90,100,50,80,0,50,4010.59018,54.7349712,51.8331865
30/4/2016 13:08,80,100,50,80,0,50,3717.73339,52.7740484,48.06832
30/4/2016 13:09,70,100,50,80,0,50,3399.69271,50.6205363,43.9735334
30/4/2016 13:10,60,100,50,80,0,50,3052.98029,48.2381879,39.502543
30/4/2016 13:11,50,100,50,80,0,50,2673.96867,45.564806,34.6069632
30/4/2016 13:12,150,120,50,80,0,50,6426.40596,76.9645453,82.659679
30/4/2016 13:13,140,120,50,80,0,50,6213.13609,75.4020401,79.9561567
30/4/2016 13:14,130,120,50,80,0,50,5977.11909,73.7757975,76.9600166
30/4/2016 13:15,120,120,50,80,0,50,5722.0655,72.0385334,73.7172756
30/4/2016 13:16,110,120,50,80,0,50,5446.11743,70.1772538,70.2032285
30/4/2016 13:17,100,120,50,80,0,50,5147.24256,68.1755876,66.39075
30/4/2016 13:18,90,120,50,80,0,50,4823.11683,66.0132511,62.2487665
30/4/2016 13:19,80,120,50,80,0,50,4471.03799,63.664724,57.7411071
30/4/2016 13:20,70,120,50,80,0,50,4088.72071,61.083909,52.8366628
30/4/2016 13:21,60,120,50,80,0,50,3671.95926,58.2268627,47.4793667
30/4/2016 13:22,50,120,50,80,0,50,3216.36917,55.0184262,41.6104046
30/4/2016 13:23,150,110,50,80,0,50,5889.70241,70.3751274,75.8491771
30/4/2016 13:24,140,110,50,80,0,50,5688.79359,68.9783937,73.293885
30/4/2016 13:25,130,110,50,80,0,50,5472.84269,67.4837898,70.5438133
30/4/2016 13:26,120,110,50,80,0,50,5239.36794,65.8879948,67.566618
30/4/2016 13:27,110,110,50,80,0,50,4986.73241,64.1786779,64.3405495
30/4/2016 13:28,100,110,50,80,0,50,4713.07407,62.3409097,60.8408248
30/4/2016 13:29,90,110,50,80,0,50,4416.26551,60.3561864,57.0390824
30/4/2016 13:30,80,110,50,80,0,50,4093.83443,58.2012294,52.9023273
30/4/2016 13:31,70,110,50,80,0,50,3743.69341,55.8338985,48.4022758
30/4/2016 13:32,60,110,50,80,0,50,3361.99663,53.2141257,43.4877794
30/4/2016 13:33,50,110,50,80,0,50,2944.73977,50.2732643,38.1052776
30/4/2016 13:34,150,100,50,80,0,50,5348.45113,63.8592253,68.9581192
30/4/2016 13:35,140,100,50,80,0,50,5166.07464,62.5866506,66.6311693
30/4/2016 13:36,130,100,50,80,0,50,4970.04105,61.2249642,64.1272428
30/4/2016 13:37,120,100,50,80,0,50,4758.06873,59.7713787,61.4166124
30/4/2016 13:38,110,100,50,80,0,50,4528.67041,58.2147311,58.4795654
30/4/2016 13:39,100,100,50,80,0,50,4280.15471,56.5415101,55.2936495
30/4/2016 13:40,90,100,50,80,0,50,4010.59018,54.7349712,51.8331865
30/4/2016 13:41,80,100,50,80,0,50,3717.73339,52.7740484,48.06832
30/4/2016 13:42,70,100,50,80,0,50,3399.69271,50.6205363,43.9735334
30/4/2016 13:43,60,100,50,80,0,50,3052.98029,48.2381879,39.502543
30/4/2016 13:44,50,100,50,80,0,50,2673.96867,45.564806,34.6069632
30/4/2016 13:45,150,90,50,80,0,50,4808.7435,57.3727034,62.0649158
30/4/2016 13:46,140,90,50,80,0,50,4644.82548,56.2249977,59.9671893
30/4/2016 13:47,130,90,50,80,0,50,4468.63383,54.996951,57.7102972
30/4/2016 13:48,120,90,50,80,0,50,4278.09048,53.686272,55.267169
30/4/2016 13:49,110,90,50,80,0,50,4071.85759,52.2829532,52.6201139
30/4/2016 13:50,100,90,50,80,0,50,3848.4141,50.774886,49.7489899
30/4/2016 13:51,90,90,50,80,0,50,3606.02387,49.1470641,46.6307759
30/4/2016 13:52,80,90,50,80,0,50,3342.67125,47.3806104,43.2387179
30/4/2016 13:53,70,90,50,80,0,50,3056.6586,45.44123,39.5500138
30/4/2016 13:54,60,90,50,80,0,50,2744.85416,43.2964477,35.5231945
30/4/2016 13:55,50,90,50,80,0,50,2403.99836,40.8905783,31.1150227
30/4/2016 13:56,150,80,50,80,0,50,4261.9577,50.9718089,55.060203
30/4/2016 13:57,140,80,50,80,0,50,4125.04199,49.8905568,53.3030212
30/4/2016 13:58,130,80,50,80,0,50,3968.52608,48.7975264,51.2927666
30/4/2016 13:59,120,80,50,80,0,50,3799.34391,47.6303961,49.118032
30/4/2016 14:00,110,80,50,80,0,50,3616.20919,46.3810219,46.7618792
30/4/2016 14:01,100,80,50,80,0,50,3417.77191,45.0386748,44.2064721
30/4/2016 14:02,90,80,50,80,0,50,3202.4906,43.5900691,41.4314206
30/4/2016 14:03,80,80,50,80,0,50,2968.57645,42.0184919,38.4130415
30/4/2016 14:04,70,80,50,80,0,50,2714.52412,40.293538,35.1311978
30/4/2016 14:05,60,80,50,80,0,50,2437.55241,38.3865236,31.5491718
30/4/2016 14:06,50,80,50,80,0,50,2134.75151,36.2485767,27.6311386
30/4/2016 14:07,150,100,50,100,0,50,5819.46212,60.6461638,60.1047454
30/4/2016 14:08,140,100,50,100,0,50,5596.23121,59.4409985,57.8173179
30/4/2016 14:09,130,100,50,100,0,50,5356.6835,58.1783154,55.360254
30/4/2016 14:10,120,100,50,100,0,50,5101.66497,56.8365665,52.7417822
30/4/2016 14:11,110,100,50,100,0,50,4829.90694,55.40607,49.9484083
30/4/2016 14:12,100,100,50,100,0,50,4539.99244,53.8748136,46.9650444
30/4/2016 14:13,90,100,50,100,0,50,4230.73866,52.2227965,43.7789413
30/4/2016 14:14,80,100,50,100,0,50,3900.02945,50.4320328,40.3676524
30/4/2016 14:15,70,100,50,100,0,50,3545.75312,48.4742499,36.7086658
30/4/2016 14:16,60,100,50,100,0,50,3165.38281,46.3095168,32.7750617
30/4/2016 14:17,50,100,50,100,0,50,2755.78853,43.8784885,28.5353587
30/4/2016 14:18,150,120,50,100,0,50,6999.85472,73.0755215,72.1620756
30/4/2016 14:19,140,120,50,100,0,50,6729.59375,71.6466489,69.4072569
30/4/2016 14:20,130,120,50,100,0,50,6441.52794,70.1364116,66.4670937
30/4/2016 14:21,120,120,50,100,0,50,6134.88935,68.531064,63.333084
30/4/2016 14:22,110,120,50,100,0,50,5808.16607,66.8187758,59.989049
30/4/2016 14:23,100,120,50,100,0,50,5459.65059,64.9850127,56.4167038
30/4/2016 14:24,90,120,50,100,0,50,5087.91376,63.0056561,52.6005092
30/4/2016 14:25,80,120,50,100,0,50,4690.40471,60.8589127,48.5132892
30/4/2016 14:26,70,120,50,100,0,50,4264.57257,58.5106255,44.1277013
30/4/2016 14:27,60,120,50,100,0,50,3807.36366,55.9125648,39.4110482
30/4/2016 14:28,50,120,50,100,0,50,3315.02663,52.9924036,34.323225
30/4/2016 14:29,150,110,50,100,0,50,6405.24826,66.8682576,66.0965246
30/4/2016 14:30,140,110,50,100,0,50,6162.14469,65.5263997,63.6118243
30/4/2016 14:31,130,110,50,100,0,50,5898.34187,64.1398991,60.9124872
30/4/2016 14:32,120,110,50,100,0,50,5617.54837,62.6661002,58.0358483
30/4/2016 14:33,110,110,50,100,0,50,5318.34239,61.0944847,54.9667542
30/4/2016 14:34,100,110,50,100,0,50,4999.16241,59.4117833,51.6885315
30/4/2016 14:35,90,110,50,100,0,50,4658.70308,57.5959424,48.1870499
30/4/2016 14:36,80,110,50,100,0,50,4294.63143,55.6270846,44.4375104
30/4/2016 14:37,70,110,50,100,0,50,3904.61712,53.4740082,40.4150033
30/4/2016 14:38,60,110,50,100,0,50,3485.8711,51.0926497,36.0897418
30/4/2016 14:39,50,110,50,100,0,50,3034.96415,48.4169936,31.4252044
30/4/2016 14:40,150,100,50,100,0,50,5817.48339,60.6596713,60.0844792
30/4/2016 14:41,140,100,50,100,0,50,5596.24833,59.4408732,57.8174934
30/4/2016 14:42,130,100,50,100,0,50,5356.68335,58.1783166,55.3602524
30/4/2016 14:43,120,100,50,100,0,50,5101.66497,56.8365664,52.7417822
30/4/2016 14:44,110,100,50,100,0,50,4829.90694,55.40607,49.9484083
30/4/2016 14:45,100,100,50,100,0,50,4539.99244,53.8748136,46.9650444
30/4/2016 14:46,90,100,50,100,0,50,4230.73866,52.2227965,43.7789413
30/4/2016 14:47,80,100,50,100,0,50,3900.02945,50.4320328,40.3676524
30/4/2016 14:48,70,100,50,100,0,50,3545.75312,48.4742499,36.7086658
30/4/2016 14:49,60,100,50,100,0,50,3165.38281,46.3095168,32.7750617
30/4/2016 14:50,50,100,50,100,0,50,2755.78853,43.8784885,28.5353587
30/4/2016 14:51,150,90,50,100,0,50,5231.28982,54.4825159,54.0730877
30/4/2016 14:52,140,90,50,100,0,50,5031.86069,53.3873064,52.0245661
30/4/2016 14:53,130,90,50,100,0,50,4816.46653,52.2491938,49.8101759
30/4/2016 14:54,120,90,50,100,0,50,4587.15693,51.0399563,47.4506232
30/4/2016 14:55,110,90,50,100,0,50,4342.78062,49.7509963,44.9336976
30/4/2016 14:56,100,90,50,100,0,50,4082.06477,48.3715427,42.2458816
30/4/2016 14:57,90,90,50,100,0,50,3803.94799,46.8836375,39.3757814
30/4/2016 14:58,80,90,50,100,0,50,3506.52983,45.2711629,36.3032795
30/4/2016 14:59,70,90,50,100,0,50,3187.9156,43.508751,33.008229
30/4/2016 15:00,60,90,50,100,0,50,2845.81868,41.5609091,29.4673132
30/4/2016 15:01,50,90,50,100,0,50,2477.44159,39.3743763,25.6539064
30/4/2016 15:02,150,80,50,100,0,50,4646.54005,48.3346686,48.0618701
30/4/2016 15:03,140,80,50,100,0,50,4468.87964,47.3633933,46.2327382
30/4/2016 15:04,130,80,50,100,0,50,4277.59326,46.3501932,44.2619066
30/4/2016 15:05,120,80,50,100,0,50,4073.93022,45.2739021,42.1619769
30/4/2016 15:06,110,80,50,100,0,50,3856.87353,44.126869,39.9221871
30/4/2016 15:07,100,80,50,100,0,50,3625.29375,42.8995536,37.5305724
30/4/2016 15:08,90,80,50,100,0,50,3378.24976,41.5760306,34.9770694
30/4/2016 15:09,80,80,50,100,0,50,3114.05495,40.1420415,32.2438591
30/4/2016 15:10,70,80,50,100,0,50,2831.00928,38.5754112,29.3140139
30/4/2016 15:11,60,80,50,100,0,50,2527.09674,36.8446608,26.1679507
30/4/2016 15:12,50,80,50,100,0,50,2199.86736,34.9021605,22.7802742
30/4/2016 15:13,150,100,50,90,0,50,5601.90596,62.1308089,64.2477673
30/4/2016 15:14,140,100,50,90,0,50,5400.77466,60.8708625,61.9618781
30/4/2016 15:15,130,100,50,90,0,50,5181.35593,59.5603437,59.4655615
30/4/2016 15:16,120,100,50,90,0,50,4946.20104,58.1649035,56.7872741
30/4/2016 15:17,110,100,50,90,0,50,4693.91243,56.6744575,53.9105287
30/4/2016 15:18,100,100,50,90,0,50,4422.95258,55.0763459,50.8171495
30/4/2016 15:19,90,100,50,90,0,50,4131.56003,53.354866,47.4862967
30/4/2016 15:20,80,100,50,90,0,50,3818.25861,51.4828378,43.9002809
30/4/2016 15:21,70,100,50,90,0,50,3480.3686,49.4352651,40.027508
30/4/2016 15:22,60,100,50,90,0,50,3115.16485,47.1713622,35.8356847
30/4/2016 15:23,50,100,50,90,0,50,2719.31331,44.6303778,31.2854146
30/4/2016 15:24,150,120,50,90,0,50,6738.39161,74.8496196,77.1196019
30/4/2016 15:25,140,120,50,90,0,50,6494.83647,73.3545049,74.3676507
30/4/2016 15:26,130,120,50,90,0,50,6230.88995,71.7878691,71.3811929
30/4/2016 15:27,120,120,50,90,0,50,5948.05926,70.1191333,68.1764264
30/4/2016 15:28,110,120,50,90,0,50,5644.67862,68.3359764,64.733589
30/4/2016 15:29,100,120,50,90,0,50,5318.89722,66.423073,61.0306755
30/4/2016 15:30,90,120,50,90,0,50,4968.59292,64.3614125,57.0424349
30/4/2016 15:31,80,120,50,90,0,50,4591.98218,62.11821,52.7473036
30/4/2016 15:32,70,120,50,90,0,50,4185.83436,59.6631698,48.1070212
30/4/2016 15:33,60,120,50,90,0,50,3746.85678,56.9470086,43.0823529
30/4/2016 15:34,50,120,50,90,0,50,3271.02415,53.8962408,37.6253902
30/4/2016 15:35,150,110,50,90,0,50,6163.38763,68.5141549,70.6167537
30/4/2016 15:36,140,110,50,90,0,50,5947.07507,67.0955011,68.1652663
30/4/2016 15:37,130,110,50,90,0,50,5705.37316,65.657012,65.4227916
30/4/2016 15:38,120,110,50,90,0,50,5446.4172,64.1246148,62.4808133
30/4/2016 15:39,110,110,50,90,0,50,5168.61833,62.4875319,59.3205645
30/4/2016 15:40,100,110,50,90,0,50,4870.28325,60.7317741,55.9219715
30/4/2016 15:41,90,110,50,90,0,50,4549.47064,58.8399942,52.2620024
30/4/2016 15:42,80,110,50,90,0,50,4204.55146,56.7822178,48.3210506
30/4/2016 15:43,70,110,50,90,0,50,3832.57123,54.5308167,44.0642064
30/4/2016 15:44,60,110,50,90,0,50,3430.52226,52.0407763,39.4557314
30/4/2016 15:45,50,110,50,90,0,50,2994.72891,49.2449562,34.4519918
30/4/2016 15:46,150,100,50,90,0,50,5597.95751,62.1577451,64.2029146
30/4/2016 15:47,140,100,50,90,0,50,5400.8118,60.8705909,61.9623004
30/4/2016 15:48,130,100,50,90,0,50,5181.35557,59.5603466,59.4655574
30/4/2016 15:49,120,100,50,90,0,50,4946.20105,58.1649035,56.7872741
30/4/2016 15:50,110,100,50,90,0,50,4693.91243,56.6744575,53.9105287
30/4/2016 15:51,100,100,50,90,0,50,4422.95258,55.0763459,50.8171495
30/4/2016 15:52,90,100,50,90,0,50,4131.56003,53.354866,47.4862967
30/4/2016 15:53,80,100,50,90,0,50,3818.25861,51.4828378,43.9002809
30/4/2016 15:54,70,100,50,90,0,50,3480.3686,49.4352651,40.027508
30/4/2016 15:55,60,100,50,90,0,50,3115.16485,47.1713622,35.8356847
30/4/2016 15:56,50,100,50,90,0,50,2719.31331,44.6303778,31.2854146
30/4/2016 15:57,150,90,50,90,0,50,5034.07988,55.8318464,57.788519
30/4/2016 15:58,140,90,50,90,0,50,4856.03434,54.6768493,55.7595296
30/4/2016 15:59,130,90,50,90,0,50,4658.75337,53.4954505,53.5093562
30/4/2016 16:00,120,90,50,90,0,50,4447.33113,52.2375312,51.09562
30/4/2016 16:01,110,90,50,90,0,50,4220.48456,50.8942477,48.5032313
30/4/2016 16:02,100,90,50,90,0,50,3976.8321,49.4542497,45.7158999
30/4/2016 16:03,90,90,50,90,0,50,3714.79125,47.903462,42.7149535
30/4/2016 16:04,80,90,50,90,0,50,3433.03729,46.2174832,39.4845834
30/4/2016 16:05,70,90,50,90,0,50,3129.16385,44.3739162,35.9964776
30/4/2016 16:06,60,90,50,90,0,50,2800.7249,42.336188,32.2217263
30/4/2016 16:07,50,90,50,90,0,50,2444.70458,40.0503177,28.1269817
30/4/2016 16:08,150,80,50,90,0,50,4471.61942,49.5344619,51.373029
30/4/2016 16:09,140,80,50,90,0,50,4312.64272,48.5120204,49.556725
30/4/2016 16:10,130,80,50,90,0,50,4137.47073,47.46003,47.5539033
30/4/2016 16:11,120,80,50,90,0,50,3949.71595,46.3401663,45.4055152
30/4/2016 16:12,110,80,50,90,0,50,3748.24749,45.1445365,43.0982862
30/4/2016 16:13,100,80,50,90,0,50,3531.8388,43.8630899,40.6177898
30/4/2016 16:14,90,80,50,90,0,50,3299.08561,42.4833619,37.9474979
30/4/2016 16:15,80,80,50,90,0,50,3048.81328,40.9837157,35.073449
30/4/2016 16:16,70,80,50,90,0,50,2778.8856,39.3443512,31.97056
30/4/2016 16:17,60,80,50,90,0,50,2487.11126,37.5332721,28.6147399
30/4/2016 16:18,50,80,50,90,0,50,2170.84445,35.5023502,24.976939
30/4/2016 16:19,150,100,50,70,0,50,5031.1606,66.0211074,74.0713809
30/4/2016 16:20,140,100,50,70,0,50,4880.32754,64.6738872,71.8772568
30/4/2016 16:21,130,100,50,70,0,50,4711.3207,63.2613906,69.4160735
30/4/2016 16:22,120,100,50,70,0,50,4526.52803,61.7470116,66.7218077
30/4/2016 16:23,110,100,50,70,0,50,4324.22977,60.1190067,63.7685526
30/4/2016 16:24,100,100,50,70,0,50,4102.5423,58.3626442,60.5278282
30/4/2016 16:25,90,100,50,70,0,50,3859.3127,56.4597527,56.9670075
30/4/2016 16:26,80,100,50,70,0,50,3592.04877,54.3874823,53.0482466
30/4/2016 16:27,70,100,50,70,0,50,3297.80503,52.1166572,48.7267558
30/4/2016 16:28,60,100,50,70,0,50,2974.07521,49.5912375,43.9638747
30/4/2016 16:29,50,100,50,70,0,50,2616.16313,46.7555442,38.6883387
30/4/2016 16:30,150,120,50,70,0,50,6051.54195,79.5028259,88.8524545
30/4/2016 16:31,140,120,50,70,0,50,5870.12425,77.8924815,86.2326228
30/4/2016 16:32,130,120,50,70,0,50,5666.54682,76.2061167,83.2885057
30/4/2016 16:33,120,120,50,70,0,50,5444.05074,74.3973763,80.0657051
30/4/2016 16:34,110,120,50,70,0,50,5200.56954,72.4520674,76.5329785
30/4/2016 16:35,100,120,50,70,0,50,4933.8429,70.3523433,72.6559901
30/4/2016 16:36,90,120,50,70,0,50,4641.28448,68.0761821,68.3953398
30/4/2016 16:37,80,120,50,70,0,50,4319.89688,65.5958856,63.7052564
30/4/2016 16:38,70,120,50,70,0,50,3966.1332,62.8760798,58.5314921
30/4/2016 16:39,60,120,50,70,0,50,3576.96579,59.8491267,52.8269061
30/4/2016 16:40,50,120,50,70,0,50,3146.73041,56.4475149,46.5051341
30/4/2016 16:41,150,110,50,70,0,50,5545.58341,72.7127426,81.5370329
30/4/2016 16:42,140,110,50,70,0,50,5374.37964,71.2682972,79.0554611
30/4/2016 16:43,130,110,50,70,0,50,5188.20385,69.7178716,76.3533979
30/4/2016 16:44,120,110,50,70,0,50,4984.60021,68.0558662,73.3943244
30/4/2016 16:45,110,110,50,70,0,50,4761.75106,66.2687688,70.1507668
30/4/2016 16:46,100,110,50,70,0,50,4517.5834,64.3403077,66.5913118
30/4/2016 16:47,90,110,50,70,0,50,4249.7278,62.2503981,62.6799601
30/4/2016 16:48,80,110,50,70,0,50,3955.43983,59.9737817,58.374924
30/4/2016 16:49,70,110,50,70,0,50,3631.47393,57.478205,53.6267117
30/4/2016 16:50,60,110,50,70,0,50,3275.06454,54.7018475,48.3924673
30/4/2016 16:51,50,110,50,70,0,50,2881.03279,51.5831567,42.5934188
30/4/2016 16:52,150,100,50,70,0,50,5035.65593,65.9904927,74.136738
30/4/2016 16:53,140,100,50,70,0,50,4880.26261,64.6743613,71.8763117
30/4/2016 16:54,130,100,50,70,0,50,4711.32159,63.2613837,69.4160864
30/4/2016 16:55,120,100,50,70,0,50,4526.52802,61.7470117,66.7218076
30/4/2016 16:56,110,100,50,70,0,50,4324.22977,60.1190067,63.7685526
30/4/2016 16:57,100,100,50,70,0,50,4102.5423,58.3626442,60.5278282
30/4/2016 16:58,90,100,50,70,0,50,3859.3127,56.4597527,56.9670075
30/4/2016 16:59,80,100,50,70,0,50,3592.04877,54.3874823,53.0482466
30/4/2016 17:00,70,100,50,70,0,50,3297.80503,52.1166572,48.7267558
30/4/2016 17:01,60,100,50,70,0,50,2974.07521,49.5912375,43.9638747
30/4/2016 17:02,50,100,50,70,0,50,2616.16313,46.7555442,38.6883387
30/4/2016 17:03,150,90,50,70,0,50,4527.26665,59.296058,66.7325834
30/4/2016 17:04,140,90,50,70,0,50,4387.60892,58.1090421,64.6942122
30/4/2016 17:05,130,90,50,70,0,50,4235.8213,56.8343709,62.4767066
30/4/2016 17:06,120,90,50,70,0,50,4069.75853,55.4684792,60.0481952
30/4/2016 17:07,110,90,50,70,0,50,3887.93406,54.0003888,57.386294
30/4/2016 17:08,100,90,50,70,0,50,3688.65176,52.4169055,54.4654125
30/4/2016 17:09,90,90,50,70,0,50,3469.97495,50.7017481,51.25627
30/4/2016 17:10,80,90,50,70,0,50,3229.66302,48.8344454,47.7249299
30/4/2016 17:11,70,90,50,70,0,50,2965.0693,46.7888607,43.8312534
30/4/2016 17:12,60,90,50,70,0,50,2673.94436,44.5146993,39.5406936
30/4/2016 17:13,50,90,50,70,0,50,2352.0721,41.9620763,34.789413
30/4/2016 17:14,150,80,50,70,0,50,4020.30817,52.6274396,59.3245411
30/4/2016 17:15,140,80,50,70,0,50,3896.32074,51.5702533,57.5091402
30/4/2016 17:16,130,80,50,70,0,50,3761.61034,50.4346893,55.5351743
30/4/2016 17:17,120,80,50,70,0,50,3614.20416,49.2180674,53.3733378
30/4/2016 17:18,110,80,50,70,0,50,3452.78122,47.9106589,51.0037731
30/4/2016 17:19,100,80,50,70,0,50,3275.83381,46.5007833,48.4037764
30/4/2016 17:20,90,80,50,70,0,50,3081.64125,44.9740285,45.5473901
30/4/2016 17:21,80,80,50,70,0,50,2868.21383,43.3122749,42.4045499
30/4/2016 17:22,70,80,50,70,0,50,2633.2025,41.4923898,38.93972
30/4/2016 17:23,60,80,50,70,0,50,2374.61251,39.4697892,35.1223925
30/4/2016 17:24,50,80,50,70,0,50,2088.69847,37.2004536,30.8961692
30/4/2016 17:25,150,100,50,60,0,50,4647.42221,68.632934,79.7459127
30/4/2016 17:26,140,100,50,60,0,50,4526.77806,67.2537083,77.7041428
30/4/2016 17:27,130,100,50,60,0,50,4389.06316,65.7953823,75.3709629
30/4/2016 17:28,120,100,50,60,0,50,4236.11318,64.2225996,72.7765847
30/4/2016 17:29,110,100,50,60,0,50,4065.99842,62.5221037,69.8873067
30/4/2016 17:30,100,100,50,60,0,50,3876.60059,60.6773003,66.6659704
30/4/2016 17:31,90,100,50,60,0,50,3665.48391,58.6678796,63.0697124
30/4/2016 17:32,80,100,50,60,0,50,3429.82262,56.4684404,59.0486553
30/4/2016 17:33,70,100,50,60,0,50,3166.28926,54.0465183,54.5439082
30/4/2016 17:34,60,100,50,60,0,50,2870.86342,51.3600177,49.4841771
30/4/2016 17:35,50,100,50,60,0,50,2540.07777,48.3220094,43.8070249
30/4/2016 17:36,150,120,50,60,0,50,5590.35653,82.6212017,95.6303117
30/4/2016 17:37,140,120,50,60,0,50,5445.94502,80.9680161,93.2063428
30/4/2016 17:38,130,120,50,60,0,50,5279.84168,79.2281836,90.4142799
30/4/2016 17:39,120,120,50,60,0,50,5095.49272,77.3509799,87.3106006
30/4/2016 17:40,110,120,50,60,0,50,4890.56405,75.3205395,83.8544764
30/4/2016 17:41,100,120,50,60,0,50,4662.51891,73.1167683,80.0012619
30/4/2016 17:42,90,120,50,60,0,50,4408.43691,70.7150561,75.6993549
30/4/2016 17:43,80,120,50,60,0,50,4124.92611,68.0846031,70.8885936
30/4/2016 17:44,70,120,50,60,0,50,3807.98693,65.1860267,65.4978057
30/4/2016 17:45,60,120,50,60,0,50,3452.7799,61.9682353,59.4406771
30/4/2016 17:46,50,120,50,60,0,50,3055.11686,58.3262699,52.6410665
30/4/2016 17:47,150,110,50,60,0,50,5122.46259,75.5834749,87.7649823
30/4/2016 17:48,140,110,50,60,0,50,4985.49281,74.0971975,85.4562242
30/4/2016 17:49,130,110,50,60,0,50,4833.72377,72.4968983,82.8947683
30/4/2016 17:50,120,110,50,60,0,50,4665.11786,70.7713764,80.0452179
30/4/2016 17:51,110,110,50,60,0,50,4477.64048,68.9053659,76.8719536
30/4/2016 17:52,100,110,50,60,0,50,4268.96203,66.880547,73.3340465
30/4/2016 17:53,90,110,50,60,0,50,4036.40431,64.6744728,69.3842745
30/4/2016 17:54,80,110,50,60,0,50,3776.85856,62.2590606,64.9676358
30/4/2016 17:55,70,110,50,60,0,50,3486.66161,59.598411,60.0191271
30/4/2016 17:56,60,110,50,60,0,50,3161.38431,56.6459641,54.4599853
30/4/2016 17:57,50,110,50,60,0,50,2797.20073,53.3058077,48.2209928
30/4/2016 17:58,150,100,50,60,0,50,4651.09073,68.6079798,79.8079659
30/4/2016 17:59,140,100,50,60,0,50,4526.70032,67.2542752,77.7028265
30/4/2016 18:00,130,100,50,60,0,50,4389.06466,65.7953705,75.3709883
30/4/2016 18:01,120,100,50,60,0,50,4236.11316,64.2225998,72.7765843
30/4/2016 18:02,110,100,50,60,0,50,4065.99842,62.5221037,69.8873067
30/4/2016 18:03,100,100,50,60,0,50,3876.60059,60.6773003,66.6659704
30/4/2016 18:04,90,100,50,60,0,50,3665.48391,58.6678796,63.0697124
30/4/2016 18:05,80,100,50,60,0,50,3429.82262,56.4684404,59.0486553
30/4/2016 18:06,70,100,50,60,0,50,3166.28926,54.0465183,54.5439082
30/4/2016 18:07,60,100,50,60,0,50,2870.86342,51.3600177,49.4841771
30/4/2016 18:08,50,100,50,60,0,50,2540.07777,48.3220094,43.8070249
30/4/2016 18:09,150,90,50,60,0,50,4181.24746,61.6582844,71.845157
30/4/2016 18:10,140,90,50,60,0,50,4069.37673,60.4379461,69.9447229
30/4/2016 18:11,130,90,50,60,0,50,3945.78674,59.1214401,67.8432589
30/4/2016 18:12,120,90,50,60,0,50,3808.40377,57.7024334,65.5049043
30/4/2016 18:13,110,90,50,60,0,50,3655.56762,56.1684636,62.9006531
30/4/2016 18:14,100,90,50,60,0,50,3485.36869,54.5046683,59.9970561
30/4/2016 18:15,90,90,50,60,0,50,3295.61389,52.6928494,56.755591
30/4/2016 18:16,80,90,50,60,0,50,3083.76034,50.710254,53.1314718
30/4/2016 18:17,70,90,50,60,0,50,2846.81562,48.5278078,49.0718679
30/4/2016 18:18,60,90,50,60,0,50,2581.1667,46.1078151,44.5128789
30/4/2016 18:19,50,90,50,60,0,50,2283.70138,43.3722719,39.398713
30/4/2016 18:20,150,80,50,60,0,50,3712.81624,54.7325942,63.8764918
30/4/2016 18:21,140,80,50,60,0,50,3613.42415,53.6462581,62.1820246
30/4/2016 18:22,130,80,50,60,0,50,3503.7976,52.4730886,60.311629
30/4/2016 18:23,120,80,50,60,0,50,3381.90294,51.2087893,58.2301621
30/4/2016 18:24,110,80,50,60,0,50,3246.26681,49.8422891,55.9119049
30/4/2016 18:25,100,80,50,60,0,50,3095.19031,48.3604274,53.3271373
30/4/2016 18:26,90,80,50,60,0,50,2926.72324,46.7470953,50.4416609
30/4/2016 18:27,80,80,50,60,0,50,2738.60557,44.9821571,47.2157512
30/4/2016 18:28,70,80,50,60,0,50,2528.17936,43.0398854,43.6025916
30/4/2016 18:29,60,80,50,60,0,50,2292.23747,40.8869288,39.5456005
30/4/2016 18:30,50,80,50,60,0,50,2028.01985,38.454151,34.9955103
30/4/2016 18:31,150,100,50,80,10,50,4812.05142,67.5128025,71.9663094
30/4/2016 18:32,140,100,50,80,10,50,4652.44856,66.3370435,69.9328889
30/4/2016 18:33,130,100,50,80,10,50,4475.76262,65.1139231,67.6795872
30/4/2016 18:34,120,100,50,80,10,50,4284.78206,63.8079182,65.2413852
30/4/2016 18:35,110,100,50,80,10,50,4078.11574,62.4093959,62.5999385
30/4/2016 18:36,100,100,50,80,10,50,3854.24371,60.9062107,59.7351447
30/4/2016 18:37,90,100,50,80,10,50,3611.42975,59.2833076,56.6240052
30/4/2016 18:38,80,100,50,80,10,50,3347.65736,57.5217348,53.2397779
30/4/2016 18:39,70,100,50,80,10,50,3061.22249,55.5871845,49.5595661
30/4/2016 18:40,60,100,50,80,10,50,2748.99166,53.4469869,45.5419123
30/4/2016 18:41,50,100,50,80,10,50,2407.70176,51.0451449,41.1434168
30/4/2016 18:42,150,120,50,80,10,50,5895.95533,80.555396,85.7229893
30/4/2016 18:43,140,120,50,80,10,50,5699.64929,79.1290853,83.2385397
30/4/2016 18:44,130,120,50,80,10,50,5483.01178,77.6409868,80.4931027
30/4/2016 18:45,120,120,50,80,10,50,5248.91331,76.0514492,77.5221266
30/4/2016 18:46,110,120,50,80,10,50,4995.65876,74.3485419,74.3031529
30/4/2016 18:47,100,120,50,80,10,50,4721.38736,72.5172838,70.8114405
30/4/2016 18:48,90,120,50,80,10,50,4423.97146,70.5391024,67.0186472
30/4/2016 18:49,80,120,50,80,10,50,4100.93741,68.3906145,62.8917779
30/4/2016 18:50,70,120,50,80,10,50,3750.1892,66.0296525,58.402408
30/4/2016 18:51,60,120,50,80,10,50,3367.87813,63.4158805,53.4993774
30/4/2016 18:52,50,120,50,80,10,50,2949.98724,60.4803741,48.1289462
30/4/2016 18:53,150,110,50,80,10,50,5358.1257,73.9850665,78.9087014
30/4/2016 18:54,140,110,50,80,10,50,5175.21438,72.7175689,76.5859009
30/4/2016 18:55,130,110,50,80,10,50,4978.64824,71.3611666,74.0867624
30/4/2016 18:56,120,110,50,80,10,50,4766.14723,69.9130232,71.381665
30/4/2016 18:57,110,110,50,80,10,50,4536.22503,68.3619499,68.4509352
30/4/2016 18:58,100,110,50,80,10,50,4287.19081,66.6943963,65.2721538
30/4/2016 18:59,90,110,50,80,10,50,4017.11302,64.8935592,61.8196642
30/4/2016 19:00,80,110,50,80,10,50,3723.74706,62.9382846,58.0636159
30/4/2016 19:01,70,110,50,80,10,50,3405.19396,60.7903461,53.9783765
30/4/2016 19:02,60,110,50,80,10,50,3057.96354,58.4132673,49.5176633
30/4/2016 19:03,50,110,50,80,10,50,2678.41741,55.7446181,44.6329458
30/4/2016 19:04,150,100,50,80,10,50,4816.75667,67.4807798,72.0262272
30/4/2016 19:05,140,100,50,80,10,50,4652.39617,66.3374257,69.9322211
30/4/2016 19:06,130,100,50,80,10,50,4475.76319,65.1139186,67.6795945
30/4/2016 19:07,120,100,50,80,10,50,4284.78206,63.8079182,65.2413852
30/4/2016 19:08,110,100,50,80,10,50,4078.11574,62.4093959,62.5999385
30/4/2016 19:09,100,100,50,80,10,50,3854.24371,60.9062107,59.7351447
30/4/2016 19:10,90,100,50,80,10,50,3611.42975,59.2833076,56.6240052
30/4/2016 19:11,80,100,50,80,10,50,3347.65736,57.5217348,53.2397779
30/4/2016 19:12,70,100,50,80,10,50,3061.22249,55.5871845,49.5595661
30/4/2016 19:13,60,100,50,80,10,50,2748.99166,53.4469869,45.5419123
30/4/2016 19:14,50,100,50,80,10,50,2407.70176,51.0451449,41.1434168
30/4/2016 19:15,150,90,50,80,10,50,4268.59935,61.0621709,65.0346619
30/4/2016 19:16,140,90,50,80,10,50,4131.14437,59.9860951,63.2780019
30/4/2016 19:17,130,90,50,80,10,50,3974.27532,58.8968907,61.2715775
30/4/2016 19:18,120,90,50,80,10,50,3804.74054,57.7337304,59.1011988
30/4/2016 19:19,110,90,50,80,10,50,3621.25724,56.4884301,56.7500021
30/4/2016 19:20,100,90,50,80,10,50,3422.47582,55.1502346,54.200181
30/4/2016 19:21,90,90,50,80,10,50,3206.85482,53.7058183,51.4313693
30/4/2016 19:22,80,90,50,80,10,50,2972.60484,52.138406,48.4199
30/4/2016 19:23,70,90,50,80,10,50,2718.21495,50.4175871,45.1455592
30/4/2016 19:24,60,90,50,80,10,50,2440.9066,48.5144489,41.571666
30/4/2016 19:25,50,90,50,80,10,50,2137.78901,46.3793687,37.6598795
30/4/2016 19:26,150,80,50,80,10,50,3732.65568,54.5968234,58.1777636
30/4/2016 19:27,140,80,50,80,10,50,3611.1501,53.6629389,56.6204197
30/4/2016 19:28,130,80,50,80,10,50,3474.09312,52.7078413,54.8625456
30/4/2016 19:29,120,80,50,80,10,50,3325.93351,51.6881904,52.9608512
30/4/2016 19:30,110,80,50,80,10,50,3165.56486,50.5967398,50.9008119
30/4/2016 19:31,100,80,50,80,10,50,2991.80689,49.4241165,48.6668903
30/4/2016 19:32,90,80,50,80,10,50,2803.31236,48.1587057,46.2413293
30/4/2016 19:33,80,80,50,80,10,50,2598.51813,46.7858852,43.6035064
30/4/2016 19:34,70,80,50,80,10,50,2376.10461,45.2791225,40.7358411
30/4/2016 19:35,60,80,50,80,10,50,2133.64665,43.6132151,37.6063844
30/4/2016 19:36,50,80,50,80,10,50,1868.62298,41.7448611,34.1817858
30/4/2016 19:37,150,100,50,100,10,50,5239.84373,64.5994636,64.0543008
30/4/2016 19:38,140,100,50,100,10,50,5039.3857,63.5122851,62.0038187
30/4/2016 19:39,130,100,50,100,10,50,4823.58473,62.3779653,59.7943527
30/4/2016 19:40,120,100,50,100,10,50,4593.86677,61.1726135,57.440111
30/4/2016 19:41,110,100,50,100,10,50,4349.08572,59.8875665,54.9289484
30/4/2016 19:42,100,100,50,100,10,50,4087.96795,58.5120194,52.2473492
30/4/2016 19:43,90,100,50,100,10,50,3809.44794,57.0280141,49.3838714
30/4/2016 19:44,80,100,50,100,10,50,3511.62472,55.4193451,46.3184102
30/4/2016 19:45,70,100,50,100,10,50,3192.59891,53.6605707,43.0307758
30/4/2016 19:46,60,100,50,100,10,50,2850.09757,51.7157411,39.4968185
30/4/2016 19:47,50,100,50,100,10,50,2481.32925,49.5308943,35.6869038
30/4/2016 19:48,150,120,50,100,10,50,6420.59503,77.0039165,76.0936212
30/4/2016 19:49,140,120,50,100,10,50,6172.86617,75.6945767,73.573314
30/4/2016 19:50,130,120,50,100,10,50,5908.50903,74.3129359,70.8804957
30/4/2016 19:51,120,120,50,100,10,50,5627.1307,72.8443138,68.0105743
30/4/2016 19:52,110,120,50,100,10,50,5327.3444,71.2778977,64.9487638
30/4/2016 19:53,100,120,50,100,10,50,5007.58699,69.6003732,61.6783816
30/4/2016 19:54,90,120,50,100,10,50,4666.54771,67.7896802,58.185227
30/4/2016 19:55,80,120,50,100,10,50,4301.89241,65.8258219,54.4445029
30/4/2016 19:56,70,120,50,100,10,50,3911.2843,63.6774912,50.4312299
30/4/2016 19:57,60,120,50,100,10,50,3491.92548,61.3004636,46.1155219
30/4/2016 19:58,50,120,50,100,10,50,3040.37735,58.6284008,41.4606956
30/4/2016 19:59,150,110,50,100,10,50,5827.23836,70.7996384,70.0519654
30/4/2016 20:00,140,110,50,100,10,50,5605.34486,69.5863947,67.7882115
30/4/2016 20:01,130,110,50,100,10,50,5365.2829,68.3282769,65.3364743
30/4/2016 20:02,120,110,50,100,10,50,5109.77025,66.991034,62.7239908
30/4/2016 20:03,110,110,50,100,10,50,4837.52181,65.5650715,59.9371099
30/4/2016 20:04,100,110,50,100,10,50,4547.11972,64.0383351,56.9607435
30/4/2016 20:05,90,110,50,100,10,50,4237.37649,62.3908209,53.7820843
30/4/2016 20:06,80,110,50,100,10,50,3906.17509,60.60444,50.3786933
30/4/2016 20:07,70,110,50,100,10,50,3551.39832,58.6508311,46.728003
30/4/2016 20:08,60,110,50,100,10,50,3170.51188,56.4899252,42.8030161
30/4/2016 20:09,50,110,50,100,10,50,2760.40224,54.0615977,38.5705991
30/4/2016 20:10,150,100,50,100,10,50,5239.35579,64.6027887,64.049312
30/4/2016 20:11,140,100,50,100,10,50,5039.38989,63.5122545,62.0038616
30/4/2016 20:12,130,100,50,100,10,50,4823.5847,62.3779656,59.7943523
30/4/2016 20:13,120,100,50,100,10,50,4593.86677,61.1726135,57.440111
30/4/2016 20:14,110,100,50,100,10,50,4349.08572,59.8875665,54.9289484
30/4/2016 20:15,100,100,50,100,10,50,4087.96795,58.5120194,52.2473492
30/4/2016 20:16,90,100,50,100,10,50,3809.44794,57.0280141,49.3838714
30/4/2016 20:17,80,100,50,100,10,50,3511.62472,55.4193451,46.3184102
30/4/2016 20:18,70,100,50,100,10,50,3192.59891,53.6605707,43.0307758
30/4/2016 20:19,60,100,50,100,10,50,2850.09757,51.7157411,39.4968185
30/4/2016 20:20,50,100,50,100,10,50,2481.32925,49.5308943,35.6869038
30/4/2016 20:21,150,90,50,100,10,50,4653.03011,58.4368984,58.0466638
30/4/2016 20:22,140,90,50,100,10,50,4474.94557,57.4694899,56.2204462
30/4/2016 20:23,130,90,50,100,10,50,4283.32885,56.4595415,54.2539195
30/4/2016 20:24,120,90,50,100,10,50,4079.33818,55.386557,52.1586747
30/4/2016 20:25,110,90,50,100,10,50,3861.95725,54.2428584,49.9239685
30/4/2016 20:26,100,90,50,100,10,50,3630.05602,53.018877,47.537841
30/4/2016 20:27,90,90,50,100,10,50,3382.68978,51.6986904,44.99019
30/4/2016 20:28,80,90,50,100,10,50,3118.17263,50.2679537,42.2632221
30/4/2016 20:29,70,90,50,100,10,50,2834.82138,48.7041211,39.3390935
30/4/2016 20:30,60,90,50,100,10,50,2530.62231,46.9753282,36.1964629
30/4/2016 20:31,50,90,50,100,10,50,2203.10329,45.0337281,32.809147
30/4/2016 20:32,150,80,50,100,10,50,4068.12549,52.2999119,52.043455
30/4/2016 20:33,140,80,50,100,10,50,3911.90998,51.4558035,50.4376635
30/4/2016 20:34,130,80,50,100,10,50,3744.41735,50.570677,48.7148267
30/4/2016 20:35,120,80,50,100,10,50,3566.09061,49.630507,46.8792898
30/4/2016 20:36,110,80,50,100,10,50,3376.04668,48.6285629,44.9217384
30/4/2016 20:37,100,80,50,100,10,50,3173.29844,47.556501,42.8317519
30/4/2016 20:38,90,80,50,100,10,50,2957.02091,46.4004257,40.6005434
30/4/2016 20:39,80,80,50,100,10,50,2725.74234,45.1478315,38.2126105
30/4/2016 20:40,70,80,50,100,10,50,2477.99422,43.7790453,35.6524253
30/4/2016 20:41,60,80,50,100,10,50,2212.02013,42.2662578,32.9014187
30/4/2016 20:42,50,80,50,100,10,50,1925.65366,40.5679191,29.9373538
30/4/2016 20:43,150,100,50,90,10,50,5044.80718,65.9281684,67.7881752
30/4/2016 20:44,140,100,50,90,10,50,4863.55,64.7963788,65.7315048
30/4/2016 20:45,130,100,50,90,10,50,4665.86915,63.6189596,63.4863198
30/4/2016 20:46,120,100,50,90,10,50,4454.02447,62.3653058,61.0778063
30/4/2016 20:47,110,100,50,90,10,50,4226.76013,61.0263504,58.4912028
30/4/2016 20:48,100,100,50,90,10,50,3982.69401,59.5907117,55.7102289
30/4/2016 20:49,90,100,50,90,10,50,3720.24281,58.0442648,52.7162171
30/4/2016 20:50,80,100,50,90,10,50,3438.07672,56.3626039,49.4932931
30/4/2016 20:51,70,100,50,90,10,50,3133.78841,54.5232041,46.0131578
30/4/2016 20:52,60,100,50,90,10,50,2804.92664,52.4893553,42.2468483
30/4/2016 20:53,50,100,50,90,10,50,2448.49617,50.2062628,38.1589904
30/4/2016 20:54,150,120,50,90,10,50,6180.65702,78.6289208,80.6313997
30/4/2016 20:55,140,120,50,90,10,50,5957.78479,77.2563093,78.1176329
30/4/2016 20:56,130,120,50,90,10,50,5715.53062,75.8229934,75.3817202
30/4/2016 20:57,120,120,50,90,10,50,5455.97089,74.296293,72.4463497
30/4/2016 20:58,110,120,50,90,10,50,5177.57417,72.6649776,69.293423
30/4/2016 20:59,100,120,50,90,10,50,4878.6461,70.9150144,65.9028684
30/4/2016 21:00,90,120,50,90,10,50,4557.24401,69.0289873,62.2516496
30/4/2016 21:01,80,120,50,90,10,50,4211.73212,66.9769077,58.3200619
30/4/2016 21:02,70,120,50,90,10,50,3839.15414,64.7309729,54.0731939
30/4/2016 21:03,60,120,50,90,10,50,3436.49361,62.2460008,49.4751992
30/4/2016 21:04,50,120,50,90,10,50,3000.06191,59.4545907,44.4822803
30/4/2016 21:05,150,110,50,90,10,50,5607.80863,72.2902341,74.1639882
30/4/2016 21:06,140,110,50,90,10,50,5409.91786,71.0095915,71.9251061
30/4/2016 21:07,130,110,50,90,10,50,5189.94923,69.7041793,69.4336725
30/4/2016 21:08,120,110,50,90,10,50,4954.28424,68.3136891,66.7612775
30/4/2016 21:09,110,110,50,90,10,50,4701.49002,66.8282656,63.8910532
30/4/2016 21:10,100,110,50,90,10,50,4430.02903,65.2352059,60.8048378
30/4/2016 21:11,90,110,50,90,10,50,4138.13872,63.5187488,57.4817925
30/4/2016 21:12,80,110,50,90,10,50,3824.33708,61.6517048,53.904147
30/4/2016 21:13,70,110,50,90,10,50,3485.943,59.6089276,50.0403136
30/4/2016 21:14,60,110,50,90,10,50,3120.22381,57.3494905,45.8579127
30/4/2016 21:15,50,110,50,90,10,50,2723.83911,54.8123246,41.3173893
30/4/2016 21:16,150,100,50,90,10,50,5042.22558,65.9457504,67.7588961
30/4/2016 21:17,140,100,50,90,10,50,4863.57418,64.7962023,65.7317792
30/4/2016 21:18,130,100,50,90,10,50,4665.86892,63.6189615,63.4863171
30/4/2016 21:19,120,100,50,90,10,50,4454.02447,62.3653057,61.0778064
30/4/2016 21:20,110,100,50,90,10,50,4226.76013,61.0263504,58.4912028
30/4/2016 21:21,100,100,50,90,10,50,3982.69401,59.5907117,55.7102289
30/4/2016 21:22,90,100,50,90,10,50,3720.24281,58.0442648,52.7162171
30/4/2016 21:23,80,100,50,90,10,50,3438.07672,56.3626039,49.4932931
30/4/2016 21:24,70,100,50,90,10,50,3133.78841,54.5232041,46.0131578
30/4/2016 21:25,60,100,50,90,10,50,2804.92664,52.4893553,42.2468483
30/4/2016 21:26,50,100,50,90,10,50,2448.49617,50.2062628,38.1589904
30/4/2016 21:27,150,90,50,90,10,50,4478.17429,59.6313503,61.3524987
30/4/2016 21:28,140,90,50,90,10,50,4318.71988,58.6133844,59.5381837
30/4/2016 21:29,130,90,50,90,10,50,4143.20625,57.5649257,57.5395239
30/4/2016 21:30,120,90,50,90,10,50,3955.11207,56.448685,55.3957491
30/4/2016 21:31,110,90,50,90,10,50,3753.30827,55.2567374,53.0936236
30/4/2016 21:32,100,90,50,90,10,50,3536.56809,53.9790048,50.6187347
30/4/2016 21:33,90,90,50,90,10,50,3303.48665,52.6029811,47.9545629
30/4/2016 21:34,80,90,50,90,10,50,3052.88489,51.10703,45.087093
30/4/2016 21:35,70,90,50,90,10,50,2782.62798,49.4712149,41.991283
30/4/2016 21:36,60,90,50,90,10,50,2490.54396,47.6630056,38.6415392
30/4/2016 21:37,50,90,50,90,10,50,2173.97981,45.6338298,35.0066097
30/4/2016 21:38,150,80,50,90,10,50,3915.50834,53.3451223,54.94413
30/4/2016 21:39,140,80,50,90,10,50,3775.25527,52.4588896,53.3440934
30/4/2016 21:40,130,80,50,90,10,50,3621.86551,51.5397876,51.5930098
30/4/2016 21:41,120,80,50,90,10,50,3457.45566,50.5615053,49.7147715
30/4/2016 21:42,110,80,50,90,10,50,3281.04732,49.5170712,47.6979317
30/4/2016 21:43,100,80,50,90,10,50,3091.56839,48.3976998,45.5299252
30/4/2016 21:44,90,80,50,90,10,50,2887.79172,47.1924877,43.1963585
30/4/2016 21:45,80,80,50,90,10,50,2668.68759,45.882555,40.6850419
30/4/2016 21:46,70,80,50,90,10,50,2432.39252,44.4505229,37.9741603
30/4/2016 21:47,60,80,50,90,10,50,2177.01178,42.8680068,35.0414455
30/4/2016 21:48,50,80,50,90,10,50,1900.23069,41.0926342,31.8597031
30/4/2016 21:49,150,100,50,70,10,50,4532.19761,69.4165766,76.6423165
30/4/2016 21:50,140,100,50,70,10,50,4395.26965,68.2125483,74.6530155
30/4/2016 21:51,130,100,50,70,10,50,4242.98213,66.9431108,72.4383354
30/4/2016 21:52,120,100,50,70,10,50,4076.46683,65.5823256,70.0140914
30/4/2016 21:53,110,100,50,70,10,50,3894.19187,64.1195421,67.3572832
30/4/2016 21:54,100,100,50,70,10,50,3694.46329,62.5415318,64.4423949
30/4/2016 21:55,90,100,50,70,10,50,3475.34552,60.8319675,61.2402032
30/4/2016 21:56,80,100,50,70,10,50,3234.59827,58.9703056,57.7168147
30/4/2016 21:57,70,100,50,70,10,50,2969.57411,56.9302922,53.8321163
30/4/2016 21:58,60,100,50,70,10,50,2678.01529,54.6616014,49.5514197
30/4/2016 21:59,50,100,50,70,10,50,2355.70251,52.1140371,44.8108889
30/4/2016 22:00,150,120,50,70,10,50,5552.6813,82.8757311,91.4055566
30/4/2016 22:01,140,120,50,70,10,50,5385.29619,81.4073672,88.9917878
30/4/2016 22:02,130,120,50,70,10,50,5198.41084,79.8639834,86.293141
30/4/2016 22:03,120,120,50,70,10,50,4994.16283,78.2088292,83.3394114
30/4/2016 22:04,110,120,50,70,10,50,4770.67151,76.428842,80.1022666
30/4/2016 22:05,100,120,50,70,10,50,4525.86678,74.507701,76.550384
30/4/2016 22:06,90,120,50,70,10,50,4257.38056,72.4252562,72.6478281
30/4/2016 22:07,80,120,50,70,10,50,3962.46873,70.1561472,68.3528537
30/4/2016 22:08,70,120,50,70,10,50,3637.88451,67.6679565,63.6159816
30/4/2016 22:09,60,120,50,70,10,50,3280.85117,64.8988071,58.3941443
30/4/2016 22:10,50,120,50,70,10,50,2886.18496,61.7867151,52.6085326
30/4/2016 22:11,150,110,50,70,10,50,5045.40032,76.10589,84.0808056
30/4/2016 22:12,140,110,50,70,10,50,4889.45225,74.7952446,81.8233992
30/4/2016 22:13,130,110,50,70,10,50,4719.96389,73.3879754,79.3670604
30/4/2016 22:14,120,110,50,70,10,50,4534.62368,71.8795563,76.6775453
30/4/2016 22:15,110,110,50,70,10,50,4331.7816,70.2577272,73.7300086
30/4/2016 22:16,100,110,50,70,10,50,4109.55489,68.5077284,70.4960286
30/4/2016 22:17,90,110,50,70,10,50,3865.79187,66.6113329,66.9430395
30/4/2016 22:18,80,110,50,70,10,50,3598.00068,64.545604,63.0332409
30/4/2016 22:19,70,110,50,70,10,50,3303.23487,62.2812265,58.7218629
30/4/2016 22:20,60,110,50,70,10,50,2978.97851,59.7621169,53.9700709
30/4/2016 22:21,50,110,50,70,10,50,2620.53139,56.932227,48.7065841
30/4/2016 22:22,150,100,50,70,10,50,4535.34007,69.3952084,76.6879479
30/4/2016 22:23,140,100,50,70,10,50,4395.2244,68.2128781,74.6523579
30/4/2016 22:24,130,100,50,70,10,50,4242.98274,66.943106,72.4383444
30/4/2016 22:25,120,100,50,70,10,50,4076.46682,65.5823256,70.0140913
30/4/2016 22:26,110,100,50,70,10,50,3894.19187,64.1195421,67.3572832
30/4/2016 22:27,100,100,50,70,10,50,3694.46329,62.5415318,64.4423949
30/4/2016 22:28,90,100,50,70,10,50,3475.34552,60.8319675,61.2402032
30/4/2016 22:29,80,100,50,70,10,50,3234.59827,58.9703056,57.7168147
30/4/2016 22:30,70,100,50,70,10,50,2969.57411,56.9302922,53.8321163
30/4/2016 22:31,60,100,50,70,10,50,2678.01529,54.6616014,49.5514197
30/4/2016 22:32,50,100,50,70,10,50,2355.70251,52.1140371,44.8108889
30/4/2016 22:33,150,90,50,70,10,50,4026.82114,62.7117558,69.2907856
30/4/2016 22:34,140,90,50,70,10,50,3902.46573,61.6585176,67.4779515
30/4/2016 22:35,130,90,50,70,10,50,3767.38856,60.5271027,65.5071255
30/4/2016 22:36,120,90,50,70,10,50,3619.61676,59.314812,63.3490909
30/4/2016 22:37,110,90,50,70,10,50,3457.83079,58.0119038,60.9840498
30/4/2016 22:38,100,90,50,70,10,50,3280.52426,56.6066738,58.3893577
30/4/2016 22:39,90,90,50,70,10,50,3085.97742,55.0846727,55.5391092
30/4/2016 22:40,80,90,50,70,10,50,2872.20089,53.4277217,52.403283
30/4/2016 22:41,70,90,50,70,10,50,2636.84515,51.6125899,48.946374
30/4/2016 22:42,60,90,50,70,10,50,2377.9082,49.5946753,45.1377598
30/4/2016 22:43,50,90,50,70,10,50,2091.64915,47.3295558,40.920971
30/4/2016 22:44,150,80,50,70,10,50,3519.73582,56.0535425,61.8892851
30/4/2016 22:45,140,80,50,70,10,50,3411.07851,55.1300837,60.3001588
30/4/2016 22:46,130,80,50,70,10,50,3293.08881,54.1378291,58.5733206
30/4/2016 22:47,120,80,50,70,10,50,3163.98603,53.0748222,56.6823958
30/4/2016 22:48,110,80,50,70,10,50,3022.6158,51.9325646,54.610092
30/4/2016 22:49,100,80,50,70,10,50,2867.65996,50.7008555,52.3366304
30/4/2016 22:50,90,80,50,70,10,50,2697.61433,49.3671034,49.8394016
30/4/2016 22:51,80,80,50,70,10,50,2510.73987,47.9154675,47.0922237
30/4/2016 22:52,70,80,50,70,10,50,2304.98392,46.3257044,44.0641553
30/4/2016 22:53,60,80,50,70,10,50,2078.59798,44.5589046,40.7285647
30/4/2016 22:54,50,80,50,70,10,50,1828.3174,42.576346,37.036278
30/4/2016 22:55,150,100,50,60,10,50,4187.33564,71.760285,81.7621707
30/4/2016 22:56,140,100,50,60,10,50,4077.08355,70.5307302,79.8982353
30/4/2016 22:57,130,100,50,60,10,50,3952.99137,69.2197395,77.7982395
30/4/2016 22:58,120,100,50,60,10,50,3815.14627,67.8062352,75.4629598
30/4/2016 22:59,110,100,50,60,10,50,3661.84513,66.2780817,72.8627358
30/4/2016 23:00,100,100,50,60,10,50,3491.18192,64.6203901,69.9642537
30/4/2016 23:01,90,100,50,60,10,50,3300.96614,62.8149245,66.729109
30/4/2016 23:02,80,100,50,60,10,50,3088.65703,60.8388657,63.112624
30/4/2016 23:03,70,100,50,60,10,50,2851.26334,58.6630277,59.0620563
30/4/2016 23:04,60,100,50,60,10,50,2585.17169,56.2495205,54.5135632
30/4/2016 23:05,50,100,50,60,10,50,2287.25861,53.52027,49.4111287
30/4/2016 23:06,150,120,50,60,10,50,5130.46098,85.7259264,97.6327983
30/4/2016 23:07,140,120,50,60,10,50,4996.48134,84.2216836,95.3865511
30/4/2016 23:08,130,120,50,60,10,50,4843.98519,82.6289231,92.8264389
30/4/2016 23:09,120,120,50,60,10,50,4674.72218,80.9107979,89.980636
30/4/2016 23:10,110,120,50,60,10,50,4486.58292,79.0525996,86.8123581
30/4/2016 23:11,100,120,50,60,10,50,4277.24294,77.0359676,83.2808537
30/4/2016 23:12,90,120,50,60,10,50,4044.02747,74.8384003,79.3390455
30/4/2016 23:13,80,120,50,60,10,50,3783.83049,72.4317212,74.9320592
30/4/2016 23:14,70,120,50,60,10,50,3492.9902,69.7798746,69.9949855
30/4/2016 23:15,60,120,50,60,10,50,3167.07677,66.8360304,64.449107
30/4/2016 23:16,50,120,50,60,10,50,2802.24924,63.5041578,58.2248715
30/4/2016 23:17,150,110,50,60,10,50,4660.90782,78.7104249,89.7481831
30/4/2016 23:18,140,110,50,60,10,50,4535.94348,77.3626091,87.6441086
30/4/2016 23:19,130,110,50,60,10,50,4397.75619,75.9097599,85.3146679
30/4/2016 23:20,120,110,50,60,10,50,4244.24666,74.3434123,82.7236284
30/4/2016 23:21,110,110,50,60,10,50,4073.57117,72.6496937,79.8388258
30/4/2016 23:22,100,110,50,60,10,50,3883.61306,70.8119977,76.6232109
30/4/2016 23:23,90,110,50,60,10,50,3671.93957,68.8099685,73.0340524
30/4/2016 23:24,80,110,50,60,10,50,3435.72736,66.6181253,69.0215908
30/4/2016 23:25,70,110,50,60,10,50,3171.65027,64.2038708,64.5270272
30/4/2016 23:26,60,110,50,60,10,50,2875.68742,61.5248776,59.4791211
30/4/2016 23:27,50,110,50,60,10,50,2544.3584,58.4941235,53.8151587
30/4/2016 23:28,150,100,50,60,10,50,4189.38066,71.7463944,81.7967276
30/4/2016 23:29,140,100,50,60,10,50,4077.0402,70.5310459,79.897502
30/4/2016 23:30,130,100,50,60,10,50,3952.9922,69.219733,77.7982536
30/4/2016 23:31,120,100,50,60,10,50,3815.14626,67.8062353,75.4629595
30/4/2016 23:32,110,100,50,60,10,50,3661.84513,66.2780817,72.8627358
30/4/2016 23:33,100,100,50,60,10,50,3491.18192,64.6203901,69.9642537
30/4/2016 23:34,90,100,50,60,10,50,3300.96614,62.8149245,66.729109
30/4/2016 23:35,80,100,50,60,10,50,3088.65703,60.8388657,63.112624
30/4/2016 23:36,70,100,50,60,10,50,2851.26334,58.6630277,59.0620563
30/4/2016 23:37,60,100,50,60,10,50,2585.17169,56.2495205,54.5135632
30/4/2016 23:38,50,100,50,60,10,50,2287.25861,53.52027,49.4111287
30/4/2016 23:39,150,90,50,60,10,50,3719.37868,64.8076325,73.8389727
30/4/2016 23:40,140,90,50,60,10,50,3619.61223,63.725468,72.1458346
30/4/2016 23:41,130,90,50,60,10,50,3509.61508,62.5566935,70.277505
30/4/2016 23:42,120,90,50,60,10,50,3387.34625,61.2970572,68.1988344
30/4/2016 23:43,110,90,50,60,10,50,3251.33468,59.9354826,65.8842062
30/4/2016 23:44,100,90,50,60,10,50,3099.88376,58.4587937,63.3040058
30/4/2016 23:45,90,90,50,60,10,50,2931.04549,56.850851,60.4241394
30/4/2016 23:46,80,90,50,60,10,50,2742.56165,55.0914644,57.2049803
30/4/2016 23:47,70,90,50,60,10,50,2531.77527,53.1548158,53.599794
30/4/2016 23:48,60,90,50,60,10,50,2295.4791,51.0073914,49.5520612
30/4/2016 23:49,50,90,50,60,10,50,2030.9033,48.5800082,45.0123338
30/4/2016 23:50,150,80,50,60,10,50,3250.78511,57.8923521,65.8748489
30/4/2016 23:51,140,80,50,60,10,50,3163.56176,56.9439291,64.3892186
30/4/2016 23:52,130,80,50,60,10,50,3067.53255,55.9186292,62.7524719
30/4/2016 23:53,120,80,50,60,10,50,2960.75999,54.813797,60.9312384
30/4/2016 23:54,110,80,50,60,10,50,2841.95863,53.6197473,58.9031502
30/4/2016 23:55,100,80,50,60,10,50,2709.64262,52.3249935,56.642302
30/4/2016 23:56,90,80,50,60,10,50,2562.10673,50.9154702,54.1188957
30/4/2016 23:57,80,80,50,60,10,50,2397.37517,49.3735871,51.2983279
30/4/2016 23:58,70,80,50,60,10,50,2213.12474,47.6768531,48.1398265
30/4/2016 23:59,60,80,50,60,10,50,2006.55307,45.7960738,44.5941286
1/5/2016 0:00,50,80,50,60,10,50,1775.24091,43.6709045,40.6182321
1/5/2016 0:01,150,100,50,80,20,50,4281.1949,71.1226639,75.0425682
1/5/2016 0:02,140,100,50,80,20,50,4138.72909,70.0817983,73.2302143
1/5/2016 0:03,130,100,50,80,20,50,3981.45977,68.9963477,71.2277267
1/5/2016 0:04,120,100,50,80,20,50,3811.47559,67.8374578,69.0612316
1/5/2016 0:05,110,100,50,80,20,50,3627.54578,66.5965518,66.7145626
1/5/2016 0:06,100,100,50,80,20,50,3428.32077,65.2628537,64.169944
1/5/2016 0:07,90,100,50,80,20,50,3212.25922,63.8229987,61.407042
1/5/2016 0:08,80,100,50,80,20,50,2977.5712,62.2601501,58.4022142
1/5/2016 0:09,70,100,50,80,20,50,2722.74039,60.5438917,55.1351802
1/5/2016 0:10,60,100,50,80,20,50,2444.98717,58.6451417,51.5692939
1/5/2016 0:11,50,100,50,80,20,50,2141.41307,56.5141082,47.6661431
1/5/2016 0:12,150,120,50,80,20,50,5365.47124,84.1400085,88.7828133
1/5/2016 0:13,140,120,50,80,20,50,5186.13465,82.8494418,86.5168849
1/5/2016 0:14,130,120,50,80,20,50,4988.88256,81.4990186,84.0214818
1/5/2016 0:15,120,120,50,80,20,50,4775.74457,80.0567002,81.3215006
1/5/2016 0:16,110,120,50,80,20,50,4545.18796,78.5116186,78.3967152
1/5/2016 0:17,100,120,50,80,20,50,4295.5231,76.8501816,75.2247547
1/5/2016 0:18,90,120,50,80,20,50,4024.81839,75.0555292,71.7799944
1/5/2016 0:19,80,120,50,80,20,50,3730.82827,73.106419,68.0326016
1/5/2016 0:20,70,120,50,80,20,50,3411.64633,70.9646071,63.9568376
1/5/2016 0:21,60,120,50,80,20,50,3063.78018,68.5933828,59.5064378
1/5/2016 0:22,50,120,50,80,20,50,2683.58054,65.9300712,54.6327446
1/5/2016 0:23,150,110,50,80,20,50,4826.50799,77.589065,81.9648963
1/5/2016 0:24,140,110,50,80,20,50,4661.60579,76.4503511,79.8740979
1/5/2016 0:25,130,110,50,80,20,50,4484.4303,75.2316989,77.62525
1/5/2016 0:26,120,110,50,80,20,50,4292.90837,73.9307179,75.191509
1/5/2016 0:27,110,110,50,80,20,50,4085.70393,72.5373604,72.555264
1/5/2016 0:28,100,110,50,80,20,50,3861.29706,71.039454,69.6964453
1/5/2016 0:29,90,110,50,80,20,50,3617.95161,69.4218963,66.5920867
1/5/2016 0:30,80,110,50,80,20,50,3353.65033,67.6656611,63.2154682
1/5/2016 0:31,70,110,50,80,20,50,3066.68283,65.7364293,59.5436079
1/5/2016 0:32,60,110,50,80,20,50,2753.91403,63.6013306,55.535076
1/5/2016 0:33,50,110,50,80,20,50,2412.07164,61.2041619,51.1463762
1/5/2016 0:34,150,100,50,80,20,50,4276.87648,71.1520046,74.9876554
1/5/2016 0:35,140,100,50,80,20,50,4138.77579,70.0814582,73.2308087
1/5/2016 0:36,130,100,50,80,20,50,3981.45926,68.9963517,71.2277202
1/5/2016 0:37,120,100,50,80,20,50,3811.47559,67.8374577,69.0612317
1/5/2016 0:38,110,100,50,80,20,50,3627.54578,66.5965518,66.7145626
1/5/2016 0:39,100,100,50,80,20,50,3428.32077,65.2628537,64.169944
1/5/2016 0:40,90,100,50,80,20,50,3212.25922,63.8229987,61.407042
1/5/2016 0:41,80,100,50,80,20,50,2977.5712,62.2601501,58.4022142
1/5/2016 0:42,70,100,50,80,20,50,2722.74039,60.5438917,55.1351802
1/5/2016 0:43,60,100,50,80,20,50,2444.98717,58.6451417,51.5692939
1/5/2016 0:44,50,100,50,80,20,50,2141.41307,56.5141082,47.6661431
1/5/2016 0:45,150,90,50,80,20,50,3739.31596,64.6717762,68.140882
1/5/2016 0:46,140,90,50,80,20,50,3617.31034,63.7422814,66.5839003
1/5/2016 0:47,130,90,50,80,20,50,3479.89137,62.7906095,64.828911
1/5/2016 0:48,120,90,50,80,20,50,3331.36913,61.7745252,62.9305811
1/5/2016 0:49,110,90,50,80,20,50,3170.63999,60.6867527,60.8744518
1/5/2016 0:50,100,90,50,80,20,50,2996.52415,59.517899,58.6450207
1/5/2016 0:51,90,90,50,80,20,50,2807.67454,58.2563182,56.2245619
1/5/2016 0:52,80,90,50,80,20,50,2602.52762,56.8873384,53.5924786
1/5/2016 0:53,70,90,50,80,20,50,2379.75932,55.3844257,50.7311401
1/5/2016 0:54,60,90,50,80,20,50,2136.94384,53.7222383,47.6086367
1/5/2016 0:55,50,90,50,80,20,50,1871.55355,51.8573398,44.1915679
1/5/2016 0:56,150,80,50,80,20,50,3203.01688,58.2187948,61.2887809
1/5/2016 0:57,140,80,50,80,20,50,3097.22747,57.4298067,59.9347143
1/5/2016 0:58,130,80,50,80,20,50,2979.63169,56.6122669,58.4286124
1/5/2016 0:59,120,80,50,80,20,50,2852.49997,55.7396595,56.7993042
1/5/2016 1:00,110,80,50,80,20,50,2714.90202,54.8056597,55.0346193
1/5/2016 1:01,100,80,50,80,20,50,2565.82709,53.802248,53.1213052
1/5/2016 1:02,90,80,50,80,20,50,2404.12183,52.7194794,51.0442218
1/5/2016 1:03,80,80,50,80,20,50,2228.44829,51.5448242,48.7857883
1/5/2016 1:04,70,80,50,80,20,50,2037.67297,50.2556119,46.3309757
1/5/2016 1:05,60,80,50,80,20,50,1829.72236,48.8301954,43.6525668
1/5/2016 1:06,50,80,50,80,20,50,1602.43694,47.2314413,40.7221051
1/5/2016 1:07,150,100,50,100,20,50,4660.3208,68.5451931,67.9997934
1/5/2016 1:08,140,100,50,100,20,50,4482.53706,67.5763202,66.1845332
1/5/2016 1:09,130,100,50,100,20,50,4290.48752,66.5699359,64.2219476
1/5/2016 1:10,120,100,50,100,20,50,4086.07269,65.5005347,62.1311267
1/5/2016 1:11,110,100,50,100,20,50,3868.26989,64.3604643,59.9012774
1/5/2016 1:12,100,100,50,100,20,50,3635.94855,63.1401279,57.5204495
1/5/2016 1:13,90,100,50,100,20,50,3388.1605,61.823606,54.9785068
1/5/2016 1:14,80,100,50,100,20,50,3123.21961,60.3964781,52.2576783
1/5/2016 1:15,70,100,50,100,20,50,2839.43879,58.8361363,49.340095
1/5/2016 1:16,60,100,50,100,20,50,2534.79902,57.1106176,46.2043772
1/5/2016 1:17,50,100,50,100,20,50,2206.81993,55.1719251,42.8242763
1/5/2016 1:18,150,120,50,100,20,50,5841.27994,80.9251525,80.0189398
1/5/2016 1:19,140,120,50,100,20,50,5616.14198,79.7345601,77.7329835
1/5/2016 1:20,130,120,50,100,20,50,5375.49651,78.4810681,75.2867266
1/5/2016 1:21,120,120,50,100,20,50,5119.3806,77.1486947,72.6800302
1/5/2016 1:22,110,120,50,100,20,50,4846.53189,75.7276479,69.8994905
1/5/2016 1:23,100,120,50,100,20,50,4555.53135,74.2058347,66.9300215
1/5/2016 1:24,90,120,50,100,20,50,4245.18673,72.56325,63.7587621
1/5/2016 1:25,80,120,50,100,20,50,3913.38021,70.7816999,60.3632891
1/5/2016 1:26,70,120,50,100,20,50,3557.98902,68.8327325,56.7209871
1/5/2016 1:27,60,120,50,100,20,50,3176.47123,66.6761358,52.804789
1/5/2016 1:28,50,120,50,100,20,50,2765.70177,64.2515663,48.5814511
1/5/2016 1:29,150,110,50,100,20,50,5249.15889,74.7242974,74.0012935
1/5/2016 1:30,140,110,50,100,20,50,5048.5461,73.6387834,71.9585201
1/5/2016 1:31,130,110,50,100,20,50,4832.22789,72.5086179,69.7536222
1/5/2016 1:32,120,110,50,100,20,50,4601.99846,71.3074694,67.4044578
1/5/2016 1:33,110,110,50,100,20,50,4356.70846,70.0266725,64.8988641
1/5/2016 1:34,100,110,50,100,20,50,4095.08351,68.6553882,62.2233326
1/5/2016 1:35,90,110,50,100,20,50,3816.05404,67.1756593,59.3663785
1/5/2016 1:36,80,110,50,100,20,50,3517.71856,65.5711907,56.3079161
1/5/2016 1:37,70,110,50,100,20,50,3198.17302,63.816465,53.0277202
1/5/2016 1:38,60,110,50,100,20,50,2855.13806,61.8754124,49.5015882
1/5/2016 1:39,50,110,50,100,20,50,2485.81243,59.6938875,45.6997994
1/5/2016 1:40,150,100,50,100,20,50,4661.13964,68.539623,68.0081507
1/5/2016 1:41,140,100,50,100,20,50,4482.53008,67.5763711,66.184462
1/5/2016 1:42,130,100,50,100,20,50,4290.48758,66.5699354,64.2219483
1/5/2016 1:43,120,100,50,100,20,50,4086.07269,65.5005347,62.1311267
1/5/2016 1:44,110,100,50,100,20,50,3868.26989,64.3604643,59.9012774
1/5/2016 1:45,100,100,50,100,20,50,3635.94855,63.1401279,57.5204495
1/5/2016 1:46,90,100,50,100,20,50,3388.1605,61.823606,54.9785068
1/5/2016 1:47,80,100,50,100,20,50,3123.21961,60.3964781,52.2576783
1/5/2016 1:48,70,100,50,100,20,50,2839.43879,58.8361363,49.340095
1/5/2016 1:49,60,100,50,100,20,50,2534.79902,57.1106176,46.2043772
1/5/2016 1:50,50,100,50,100,20,50,2206.81993,55.1719251,42.8242763
1/5/2016 1:51,150,90,50,100,20,50,4074.65424,62.3854977,62.0142788
1/5/2016 1:52,140,90,50,100,20,50,3918.02672,61.5447518,60.4108726
1/5/2016 1:53,130,90,50,100,20,50,3750.19029,60.6625694,58.6914973
1/5/2016 1:54,120,90,50,100,20,50,3571.52139,59.7254058,56.8597785
1/5/2016 1:55,110,90,50,100,20,50,3381.13746,58.7265099,54.9064219
1/5/2016 1:56,100,90,50,100,20,50,3178.05095,57.6575159,52.8210173
1/5/2016 1:57,90,90,50,100,20,50,2961.434,56.5045325,50.5947521
1/5/2016 1:58,80,90,50,100,20,50,2729.81485,55.2549914,48.2121478
1/5/2016 1:59,70,90,50,100,20,50,2481.72177,53.8891706,45.6576599
1/5/2016 2:00,60,90,50,100,20,50,2215.39401,52.3791813,42.9126932
1/5/2016 2:01,50,90,50,100,20,50,1928.66936,50.6831283,39.9544233
1/5/2016 2:02,150,80,50,100,20,50,3489.55336,56.2599692,56.0189717
1/5/2016 2:03,140,80,50,100,20,50,3354.93437,55.5416364,54.6374532
1/5/2016 2:04,130,80,50,100,20,50,3211.23816,54.7842019,53.161922
1/5/2016 2:05,120,80,50,100,20,50,3058.25086,53.9797351,51.5900235
1/5/2016 2:06,110,80,50,100,20,50,2895.22161,53.1224355,49.9138685
1/5/2016 2:07,100,80,50,100,20,50,2721.30541,52.2051565,48.1245717
1/5/2016 2:08,90,80,50,100,20,50,2535.7936,51.2160261,46.2146207
1/5/2016 2:09,80,80,50,100,20,50,2337.42794,50.1443075,44.1708093
1/5/2016 2:10,70,80,50,100,20,50,2124.95061,48.9731424,41.9798879
1/5/2016 2:11,60,80,50,100,20,50,1896.85723,47.6786859,39.6260099
1/5/2016 2:12,50,80,50,100,20,50,1651.30117,46.2251014,37.0897301
1/5/2016 2:13,150,100,50,90,20,50,4488.14842,69.7160804,71.329705
1/5/2016 2:14,140,100,50,90,20,50,4326.30482,68.7152096,69.4963856
1/5/2016 2:15,130,100,50,90,20,50,4150.37115,67.6704281,67.5016973
1/5/2016 2:16,120,100,50,90,20,50,3961.84073,66.5580998,65.3621835
1/5/2016 2:17,110,100,50,90,20,50,3759.60361,65.3701424,63.0648479
1/5/2016 2:18,100,100,50,90,20,50,3542.43279,64.0964523,60.5952955
1/5/2016 2:19,90,100,50,90,20,50,3308.92277,62.7244828,57.9370215
1/5/2016 2:20,80,100,50,90,20,50,3057.89025,61.2325979,55.0759641
1/5/2016 2:21,70,100,50,90,20,50,2787.19985,59.6007504,51.9871089
1/5/2016 2:22,60,100,50,90,20,50,2494.67431,57.7963099,48.6448221
1/5/2016 2:23,50,100,50,90,20,50,2177.65276,55.7705423,45.0177841
1/5/2016 2:24,150,120,50,90,20,50,5622.78702,82.4020787,84.1373127
1/5/2016 2:25,140,120,50,90,20,50,5420.72212,81.1507472,81.8623957
1/5/2016 2:26,130,120,50,90,20,50,5200.1642,79.8502955,79.3762803
1/5/2016 2:27,120,120,50,90,20,50,4963.87938,78.4651357,76.709475
1/5/2016 2:28,110,120,50,90,20,50,4710.46915,76.9851353,73.845525
1/5/2016 2:29,100,120,50,90,20,50,4438.39538,75.3975543,70.7662829
1/5/2016 2:30,90,120,50,90,20,50,4145.89449,73.686573,67.4509185
1/5/2016 2:31,80,120,50,90,20,50,3831.4786,71.8249955,63.8815871
1/5/2016 2:32,70,120,50,90,20,50,3492.4653,69.7875217,60.0267191
1/5/2016 2:33,60,120,50,90,20,50,3126.11434,67.5330795,55.8538597
1/5/2016 2:34,50,120,50,90,20,50,2729.07421,65.000365,51.3233367
1/5/2016 2:35,150,110,50,90,20,50,5052.11866,76.0603508,77.7057887
1/5/2016 2:36,140,110,50,90,20,50,4872.74752,74.9166349,75.6799923
1/5/2016 2:37,130,110,50,90,20,50,4674.51613,73.7438606,73.4388777
1/5/2016 2:38,120,110,50,90,20,50,4462.14612,72.4947997,71.0352638
1/5/2016 2:39,110,110,50,90,20,50,4234.35933,71.1605261,68.4541598
1/5/2016 2:40,100,110,50,90,20,50,3989.77367,69.7296236,65.6793068
1/5/2016 2:41,90,110,50,90,20,50,3726.80505,68.1879181,62.6920498
1/5/2016 2:42,80,110,50,90,20,50,3444.11864,66.5110008,59.4764545
1/5/2016 2:43,70,110,50,90,20,50,3139.30622,64.6762157,56.0042458
1/5/2016 2:44,60,110,50,90,20,50,2809.91017,62.6467304,52.2464044
1/5/2016 2:45,50,110,50,90,20,50,2452.92587,60.3675531,48.1674654
1/5/2016 2:46,150,100,50,90,20,50,4486.35755,69.7282562,71.3094271
1/5/2016 2:47,140,100,50,90,20,50,4326.32151,68.7150879,69.4965748
1/5/2016 2:48,130,100,50,90,20,50,4150.37099,67.6704293,67.5016955
1/5/2016 2:49,120,100,50,90,20,50,3961.84073,66.5580998,65.3621835
1/5/2016 2:50,110,100,50,90,20,50,3759.60361,65.3701424,63.0648479
1/5/2016 2:51,100,100,50,90,20,50,3542.43279,64.0964523,60.5952955
1/5/2016 2:52,90,100,50,90,20,50,3308.92277,62.7244828,57.9370215
1/5/2016 2:53,80,100,50,90,20,50,3057.89025,61.2325979,55.0759641
1/5/2016 2:54,70,100,50,90,20,50,2787.19985,59.6007504,51.9871089
1/5/2016 2:55,60,100,50,90,20,50,2494.67431,57.7963099,48.6448221
1/5/2016 2:56,50,100,50,90,20,50,2177.65276,55.7705423,45.0177841
1/5/2016 2:57,150,90,50,90,20,50,3922.09572,63.4259002,64.9108801
1/5/2016 2:58,140,90,50,90,20,50,3781.38857,62.5435165,63.3124286
1/5/2016 2:59,130,90,50,90,20,50,3627.64572,61.6275953,61.5646071
1/5/2016 3:00,120,90,50,90,20,50,3462.88384,60.6525883,59.6900487
1/5/2016 3:01,110,90,50,90,20,50,3286.12596,59.6115002,57.6773431
1/5/2016 3:02,100,90,50,90,20,50,3096.29995,58.4955243,55.5139446
1/5/2016 3:03,90,90,50,90,20,50,2892.17819,57.2937243,53.185476
1/5/2016 3:04,80,90,50,90,20,50,2672.72744,55.9872232,50.6797121
1/5/2016 3:05,70,90,50,90,20,50,2436.08396,54.5585508,47.9748682
1/5/2016 3:06,60,90,50,90,20,50,2180.34867,52.9792426,45.0486488
1/5/2016 3:07,50,90,50,90,20,50,1903.20166,51.2067716,41.8738215
1/5/2016 3:08,150,80,50,90,20,50,3359.16744,57.1515139,58.5092586
1/5/2016 3:09,140,80,50,90,20,50,3237.84933,56.3996796,57.1273309
1/5/2016 3:10,130,80,50,90,20,50,3106.24476,55.6130829,55.6273311
1/5/2016 3:11,120,80,50,90,20,50,2965.1842,54.7759528,54.0185269
1/5/2016 3:12,110,80,50,90,20,50,2813.8394,53.8822538,52.2912637
1/5/2016 3:13,100,80,50,90,20,50,2651.29245,52.9244646,50.4348267
1/5/2016 3:14,90,80,50,90,20,50,2476.49292,51.8932438,48.4369447
1/5/2016 3:15,80,80,50,90,20,50,2288.55633,50.7724607,46.2871965
1/5/2016 3:16,70,80,50,90,20,50,2085.88943,49.5471917,43.9669978
1/5/2016 3:17,60,80,50,90,20,50,1866.86939,48.1931057,41.4573483
1/5/2016 3:18,50,80,50,90,20,50,1629.51459,46.6738351,38.7350477
1/5/2016 3:19,150,100,50,70,20,50,4033.07842,72.8077969,79.2095966
1/5/2016 3:20,140,100,50,70,20,50,3910.16811,71.7458159,77.4262754
1/5/2016 3:21,130,100,50,70,20,50,3774.60438,70.6190191,75.4575535
1/5/2016 3:22,120,100,50,70,20,50,3626.37245,69.4113547,73.3027123
1/5/2016 3:23,110,100,50,70,20,50,3464.12635,68.1132745,70.9416155
1/5/2016 3:24,100,100,50,70,20,50,3286.36153,66.7130497,68.3516921
1/5/2016 3:25,90,100,50,70,20,50,3091.35936,65.1961952,65.5071009
1/5/2016 3:26,80,100,50,70,20,50,2877.13095,63.5444741,62.3778759
1/5/2016 3:27,70,100,50,70,20,50,2641.32643,61.7345582,58.9285563
1/5/2016 3:28,60,100,50,70,20,50,2381.93682,59.7218265,55.1284209
1/5/2016 3:29,50,100,50,70,20,50,2095.2191,57.461584,50.9210408
1/5/2016 3:30,150,120,50,70,20,50,5053.72444,86.2434838,93.9555584
1/5/2016 3:31,140,120,50,70,20,50,4900.42526,84.9163303,91.748097
1/5/2016 3:32,130,120,50,70,20,50,4730.23763,83.5154669,89.294341
1/5/2016 3:33,120,120,50,70,20,50,4544.24392,82.0133876,86.609009
1/5/2016 3:34,110,120,50,70,20,50,4340.74818,80.3981631,83.6666489
1/5/2016 3:35,100,120,50,70,20,50,4117.87024,78.654996,80.438932
1/5/2016 3:36,90,120,50,70,20,50,3873.4598,76.7656064,76.8933661
1/5/2016 3:37,80,120,50,70,20,50,3605.0255,74.7069729,72.9922098
1/5/2016 3:38,70,120,50,70,20,50,3309.62006,72.4496416,68.6907304
1/5/2016 3:39,60,120,50,70,20,50,2984.71795,69.9374892,63.9499346
1/5/2016 3:40,50,120,50,70,20,50,2625.61507,67.1140888,58.6985519
1/5/2016 3:41,150,110,50,70,20,50,4545.15103,79.4939015,86.6221148
1/5/2016 3:42,140,110,50,70,20,50,4404.48067,78.3165398,84.5886446
1/5/2016 3:43,130,110,50,70,20,50,4251.68576,77.0519801,82.3774825
1/5/2016 3:44,120,110,50,70,20,50,4084.61507,75.6966553,79.9568794
1/5/2016 3:45,110,110,50,70,20,50,3901.78571,74.2395559,77.304597
1/5/2016 3:46,100,110,50,70,20,50,3701.50481,72.6674316,74.3951864
1/5/2016 3:47,90,110,50,70,20,50,3481.83803,70.9639111,71.1994933
1/5/2016 3:48,80,110,50,70,20,50,3240.5456,69.1083801,67.6836822
1/5/2016 3:49,70,110,50,70,20,50,2974.97952,67.0744676,63.8076815
1/5/2016 3:50,60,110,50,70,20,50,2682.87383,64.8118189,59.5366762
1/5/2016 3:51,50,110,50,70,20,50,2360.00625,62.2699142,54.8068575
1/5/2016 3:52,150,100,50,70,20,50,4034.95468,72.795059,79.2368073
1/5/2016 3:53,140,100,50,70,20,50,3910.14121,71.7460117,77.4258849
1/5/2016 3:54,130,100,50,70,20,50,3774.60474,70.6190163,75.4575588
1/5/2016 3:55,120,100,50,70,20,50,3626.37245,69.4113547,73.3027122
1/5/2016 3:56,110,100,50,70,20,50,3464.12635,68.1132745,70.9416155
1/5/2016 3:57,100,100,50,70,20,50,3286.36153,66.7130497,68.3516921
1/5/2016 3:58,90,100,50,70,20,50,3091.35936,65.1961952,65.5071009
1/5/2016 3:59,80,100,50,70,20,50,2877.13095,63.5444741,62.3778759
1/5/2016 4:00,70,100,50,70,20,50,2641.32643,61.7345582,58.9285563
1/5/2016 4:01,60,100,50,70,20,50,2381.93682,59.7218265,55.1284209
1/5/2016 4:02,50,100,50,70,20,50,2095.2191,57.461584,50.9210408
1/5/2016 4:03,150,90,50,70,20,50,3526.30239,66.1228645,71.8467466
1/5/2016 4:04,140,90,50,70,20,50,3417.27672,65.2028819,70.2593466
1/5/2016 4:05,130,90,50,70,20,50,3298.91565,64.2143126,68.5346994
1/5/2016 4:06,120,90,50,70,20,50,3169.44068,63.155169,66.6465498
1/5/2016 4:07,110,90,50,70,20,50,3027.69871,62.0169448,64.5776645
1/5/2016 4:08,100,90,50,70,20,50,2872.37282,60.7894224,62.3083253
1/5/2016 4:09,90,90,50,70,20,50,2701.95981,59.4599819,59.8159807
1/5/2016 4:10,80,90,50,70,20,50,2514.72111,58.0127356,57.0745013
1/5/2016 4:11,70,90,50,70,20,50,2308.60388,56.427361,54.0529903
1/5/2016 4:12,60,90,50,70,20,50,2081.85376,54.6649385,50.7247415
1/5/2016 4:13,50,90,50,70,20,50,1831.2046,52.6865211,47.0406297
1/5/2016 4:14,150,80,50,70,20,50,3013.79283,59.5114895,64.3745895
1/5/2016 4:15,140,80,50,70,20,50,2925.86425,58.684531,63.0900999
1/5/2016 4:16,130,80,50,70,20,50,2824.52506,57.8357476,61.608807
1/5/2016 4:17,120,80,50,70,20,50,2713.73244,56.9259127,59.9882449
1/5/2016 4:18,110,80,50,70,20,50,2592.42036,55.9483278,58.2125289
1/5/2016 4:19,100,80,50,70,20,50,2459.46097,54.8942602,56.2648011
1/5/2016 4:20,90,80,50,70,20,50,2313.56628,53.7529355,54.1257789
1/5/2016 4:21,80,80,50,70,20,50,2153.24752,52.5107901,51.7731387
1/5/2016 4:22,70,80,50,70,20,50,1976.74788,51.1504722,49.1805053
1/5/2016 4:23,60,80,50,70,20,50,1782.56543,49.6387335,46.325114
1/5/2016 4:24,50,80,50,70,20,50,1567.90875,47.9423037,43.1650729
1/5/2016 4:25,150,100,50,60,20,50,3726.8171,74.8859775,83.7709045
1/5/2016 4:26,140,100,50,60,20,50,3627.33972,73.8031215,82.0909183
1/5/2016 4:27,130,100,50,60,20,50,3516.86773,72.6391113,80.2235729
1/5/2016 4:28,120,100,50,60,20,50,3394.13343,71.3844228,78.1469038
1/5/2016 4:29,110,100,50,60,20,50,3257.65172,70.0280976,75.8351287
1/5/2016 4:30,100,100,50,60,20,50,3105.72881,68.556945,73.258756
1/5/2016 4:31,90,100,50,60,20,50,2936.41906,66.954798,70.3838108
1/5/2016 4:32,80,100,50,60,20,50,2747.46627,65.2014161,67.1707806
1/5/2016 4:33,70,100,50,60,20,50,2536.21476,63.2708914,63.5730338
1/5/2016 4:34,60,100,50,60,20,50,2299.45741,61.129548,59.5341367
1/5/2016 4:35,50,100,50,60,20,50,2034.41496,58.7081543,55.0044857
1/5/2016 4:36,150,120,50,60,20,50,4670.32943,88.8272227,99.630879
1/5/2016 4:37,140,120,50,60,20,50,4546.9643,87.4702851,97.5650311
1/5/2016 4:38,130,120,50,60,20,50,4408.07743,86.0241749,95.2363689
1/5/2016 4:39,120,120,50,60,20,50,4253.90654,84.4646268,92.6479063
1/5/2016 4:40,110,120,50,60,20,50,4082.56281,82.7781138,89.766814
1/5/2016 4:41,100,120,50,60,20,50,3891.93389,80.9480023,86.5562097
1/5/2016 4:42,90,120,50,60,20,50,3679.59022,78.9538944,82.9735109
1/5/2016 4:43,80,120,50,60,20,50,3442.71113,76.7702342,78.9690966
1/5/2016 4:44,70,120,50,60,20,50,3177.97195,74.3642947,74.4842829
1/5/2016 4:45,60,120,50,60,20,50,2881.35157,71.6935189,69.4479105
1/5/2016 4:46,50,120,50,60,20,50,2549.35662,68.6707962,63.7970158
1/5/2016 4:47,150,110,50,60,20,50,4199.24036,81.8333001,91.7292002
1/5/2016 4:48,140,110,50,60,20,50,4086.33819,80.6232051,89.8303442
1/5/2016 4:49,130,110,50,60,20,50,3961.73718,79.3173825,87.7324825
1/5/2016 4:50,120,110,50,60,20,50,3823.32995,77.9097282,85.3994401
1/5/2016 4:51,110,110,50,60,20,50,3669.46232,76.3877658,82.802466
1/5/2016 4:52,100,110,50,60,20,50,3498.23034,74.7365972,79.9083657
1/5/2016 4:53,90,110,50,60,20,50,3307.44627,72.9379521,76.6788689
1/5/2016 4:54,80,110,50,60,20,50,3094.57172,70.9689489,73.0694242
1/5/2016 4:55,70,110,50,60,20,50,2856.61683,68.800293,69.0273994
1/5/2016 4:56,60,110,50,60,20,50,2589.96819,66.3939,64.4890357
1/5/2016 4:57,50,110,50,60,20,50,2291.49125,63.6716281,59.3981183
1/5/2016 4:58,150,100,50,60,20,50,3727.55024,74.8810051,83.7832805
1/5/2016 4:59,140,100,50,60,20,50,3627.3242,73.8032344,82.090656
1/5/2016 5:00,130,100,50,60,20,50,3516.86803,72.639109,80.2235779
1/5/2016 5:01,120,100,50,60,20,50,3394.13342,71.3844229,78.1469037
1/5/2016 5:02,110,100,50,60,20,50,3257.65172,70.0280976,75.8351287
1/5/2016 5:03,100,100,50,60,20,50,3105.72881,68.556945,73.258756
1/5/2016 5:04,90,100,50,60,20,50,2936.41906,66.954798,70.3838108
1/5/2016 5:05,80,100,50,60,20,50,2747.46627,65.2014161,67.1707806
1/5/2016 5:06,70,100,50,60,20,50,2536.21476,63.2708914,63.5730338
1/5/2016 5:07,60,100,50,60,20,50,2299.45741,61.129548,59.5341367
1/5/2016 5:08,50,100,50,60,20,50,2034.41496,58.7081543,55.0044857
1/5/2016 5:09,150,90,50,60,20,50,3257.3817,67.9534516,75.8305523
1/5/2016 5:10,140,90,50,60,20,50,3169.79187,67.0086441,74.3455527
1/5/2016 5:11,130,90,50,60,20,50,3073.39141,65.9872161,72.7099552
1/5/2016 5:12,120,90,50,60,20,50,2966.24233,64.8865082,70.8905027
1/5/2016 5:13,110,90,50,60,20,50,2847.061,63.6968357,68.8649205
1/5/2016 5:14,100,90,50,60,20,50,2714.36365,62.4067033,66.6074049
1/5/2016 5:15,90,90,50,60,20,50,2566.44703,61.0020243,64.0882616
1/5/2016 5:16,80,90,50,60,20,50,2401.33706,59.4651681,61.272989
1/5/2016 5:17,70,90,50,60,20,50,2216.71171,57.7735712,58.1209098
1/5/2016 5:18,60,90,50,60,20,50,2009.76884,55.8979068,54.5828448
1/5/2016 5:19,50,90,50,60,20,50,1778.08132,53.777798,50.6156745
1/5/2016 5:20,150,80,50,60,20,50,2788.6198,61.0488459,67.8709746
1/5/2016 5:21,140,80,50,60,20,50,2713.64346,60.2374937,66.5951463
1/5/2016 5:22,130,80,50,60,20,50,2631.21512,59.3596975,65.1916647
1/5/2016 5:23,120,80,50,60,20,50,2539.57012,58.4139099,63.6302227
1/5/2016 5:24,110,80,50,60,20,50,2437.60908,57.3918385,61.8917553
1/5/2016 5:25,100,80,50,60,20,50,2324.05902,56.2836651,59.9541483
1/5/2016 5:26,90,80,50,60,20,50,2197.45935,55.0773622,57.7919749
1/5/2016 5:27,80,80,50,60,20,50,2056.11814,53.7578803,55.3757192
1/5/2016 5:28,70,80,50,60,20,50,1898.04646,52.305961,52.6706159
1/5/2016 5:29,60,80,50,60,20,50,1720.84602,50.6965708,49.6346761
1/5/2016 5:30,50,80,50,60,20,50,1522.43884,48.8781376,46.2311455
1/5/2016 5:31,150,100,50,80,30,50,3750.2914,74.7267623,78.1156932
1/5/2016 5:32,140,100,50,80,30,50,3624.97259,73.8203317,76.5239282
1/5/2016 5:33,130,100,50,80,30,50,3487.12628,72.8720958,74.7716156
1/5/2016 5:34,120,100,50,80,30,50,3338.1445,71.8598248,72.8760868
1/5/2016 5:35,110,100,50,80,30,50,3176.95645,70.7759966,70.8233361
1/5/2016 5:36,100,100,50,80,30,50,3002.38262,69.6112024,68.5978978
1/5/2016 5:37,90,100,50,80,30,50,2813.07616,68.3537662,66.1820839
1/5/2016 5:38,80,100,50,80,30,50,2607.4732,66.9889678,63.5553314
1/5/2016 5:39,70,100,50,80,30,50,2384.24536,65.4902736,60.6999679
1/5/2016 5:40,60,100,50,80,30,50,2140.96614,63.8322017,57.5841329
1/5/2016 5:41,50,100,50,80,30,50,1875.1015,61.9711785,54.1743874
1/5/2016 5:42,150,120,50,80,30,50,4834.9379,87.7183412,91.8390384
1/5/2016 5:43,140,120,50,80,30,50,4672.5859,86.5629893,89.7911781
1/5/2016 5:44,130,120,50,80,30,50,4494.72575,85.3497527,87.5451181
1/5/2016 5:45,120,120,50,80,30,50,4302.55434,84.0541217,85.115335
1/5/2016 5:46,110,120,50,80,30,50,4094.70084,82.6662899,82.483817
1/5/2016 5:47,100,120,50,80,30,50,3869.64645,81.1740527,79.6305474
1/5/2016 5:48,90,120,50,80,30,50,3625.65513,79.5622618,76.5326011
1/5/2016 5:49,80,120,50,80,30,50,3360.70895,77.8118183,73.1632894
1/5/2016 5:50,70,120,50,80,30,50,3073.09126,75.8883945,69.4995555
1/5/2016 5:51,60,120,50,80,30,50,2759.66529,73.7589186,65.5000101
1/5/2016 5:52,50,120,50,80,30,50,2417.14925,71.3669828,61.1210719
1/5/2016 5:53,150,110,50,80,30,50,4286.9066,81.2406726,84.9173519
1/5/2016 5:54,140,110,50,80,30,50,4148.04751,80.1759945,83.1595489
1/5/2016 5:55,130,110,50,80,30,50,3990.18233,79.0952495,81.1592279
1/5/2016 5:56,120,110,50,80,30,50,3819.64646,77.9409101,78.9960862
1/5/2016 5:57,110,110,50,80,30,50,3635.16499,76.7047115,76.6534356
1/5/2016 5:58,100,110,50,80,30,50,3435.3895,75.37585,74.1135515
1/5/2016 5:59,90,110,50,80,30,50,3218.77884,73.9409236,71.3561398
1/5/2016 6:00,80,110,50,80,30,50,2983.54256,72.3830355,68.3575914
1/5/2016 6:01,70,110,50,80,30,50,2728.15914,70.6717658,65.0975688
1/5/2016 6:02,60,110,50,80,30,50,2449.84777,68.7778633,61.5394719
1/5/2016 6:03,50,110,50,80,30,50,2145.70212,66.6513669,57.6448288
1/5/2016 6:04,150,100,50,80,30,50,3747.60999,74.7449496,78.0816477
1/5/2016 6:05,140,100,50,80,30,50,3625.0015,73.8201215,76.5242955
1/5/2016 6:06,130,100,50,80,30,50,3487.12597,72.8720982,74.7716117
1/5/2016 6:07,120,100,50,80,30,50,3338.1445,71.8598248,72.8760869
1/5/2016 6:08,110,100,50,80,30,50,3176.95645,70.7759966,70.8233361
1/5/2016 6:09,100,100,50,80,30,50,3002.38262,69.6112024,68.5978978
1/5/2016 6:10,90,100,50,80,30,50,2813.07616,68.3537662,66.1820839
1/5/2016 6:11,80,100,50,80,30,50,2607.4732,66.9889678,63.5553314
1/5/2016 6:12,70,100,50,80,30,50,2384.24536,65.4902736,60.6999679
1/5/2016 6:13,60,100,50,80,30,50,2140.96614,63.8322017,57.5841329
1/5/2016 6:14,50,100,50,80,30,50,1875.1015,61.9711785,54.1743874
1/5/2016 6:15,150,90,50,80,30,50,3209.69179,68.2779258,71.240385
1/5/2016 6:16,140,90,50,80,30,50,3103.44107,67.49252,69.8864534
1/5/2016 6:17,130,90,50,80,30,50,2985.47519,66.6779671,68.3822434
1/5/2016 6:18,120,90,50,80,30,50,2857.97152,65.8084801,66.7552505
1/5/2016 6:19,110,90,50,80,30,50,2720.00183,64.877715,64.9933604
1/5/2016 6:20,100,90,50,80,30,50,2570.55587,63.8776384,63.0833576
1/5/2016 6:21,90,90,50,80,30,50,2408.48055,62.7982823,61.0101372
1/5/2016 6:22,80,90,50,80,30,50,2232.43774,61.6270787,58.7561512
1/5/2016 6:23,70,90,50,80,30,50,2041.29042,60.3413609,56.3063419
1/5/2016 6:24,60,90,50,80,30,50,1832.9648,58.9193682,53.6335421
1/5/2016 6:25,50,90,50,80,30,50,1605.29625,57.3238591,50.709274
1/5/2016 6:26,150,80,50,80,30,50,2672.90959,61.838456,64.3916693
1/5/2016 6:27,140,80,50,80,30,50,2583.26953,61.1910173,63.2459078
1/5/2016 6:28,130,80,50,80,30,50,2485.13642,60.5106491,61.9909295
1/5/2016 6:29,120,80,50,80,30,50,2379.03862,59.7846239,60.633325
1/5/2016 6:30,110,80,50,80,30,50,2264.21673,59.0075725,59.1631975
1/5/2016 6:31,100,80,50,80,30,50,2139.82927,58.1728259,57.5695626
1/5/2016 6:32,90,80,50,80,30,50,2004.91642,57.2721068,55.8398774
1/5/2016 6:33,80,80,50,80,30,50,1858.36502,56.2949775,53.9595806
1/5/2016 6:34,70,80,50,80,30,50,1699.2278,55.2226193,51.916182
1/5/2016 6:35,60,80,50,80,30,50,1525.7822,54.0369487,49.6871654
1/5/2016 6:36,50,80,50,80,30,50,1336.23038,52.7070048,47.2489472
1/5/2016 6:37,150,100,50,100,30,50,4081.91757,72.4762017,71.9516287
1/5/2016 6:38,140,100,50,100,30,50,3925.67258,71.632978,70.3592698
1/5/2016 6:39,130,100,50,100,30,50,3757.38871,70.7540119,68.6428991
1/5/2016 6:40,120,100,50,100,30,50,3578.28039,69.820086,66.8146428
1/5/2016 6:41,110,100,50,100,30,50,3387.45794,68.8244857,64.8651519
1/5/2016 6:42,100,100,50,100,30,50,3183.93348,67.7588231,62.7840309
1/5/2016 6:43,90,100,50,100,30,50,2966.87634,66.6092118,60.5624459
1/5/2016 6:44,80,100,50,100,30,50,2734.81471,65.363021,58.1849469
1/5/2016 6:45,70,100,50,100,30,50,2486.27363,64.000479,55.6359776
1/5/2016 6:46,60,100,50,100,30,50,2219.48794,62.4936159,52.8969231
1/5/2016 6:47,50,100,50,100,30,50,1932.28863,60.8004091,49.9449187
1/5/2016 6:48,150,120,50,100,30,50,5261.87647,84.8392569,83.9376808
1/5/2016 6:49,140,120,50,100,30,50,5059.41719,83.7664167,81.8861669
1/5/2016 6:50,130,120,50,100,30,50,4842.48704,82.6406023,79.6856496
1/5/2016 6:51,120,120,50,100,30,50,4611.63658,81.4439714,77.3412701
1/5/2016 6:52,110,120,50,100,30,50,4365.72697,80.1677572,74.840992
1/5/2016 6:53,100,120,50,100,30,50,4103.48298,78.801089,72.1713176
1/5/2016 6:54,90,120,50,100,30,50,3823.83102,77.3260116,69.3207238
1/5/2016 6:55,80,120,50,100,30,50,3524.86905,75.7261404,66.2691508
1/5/2016 6:56,70,120,50,100,30,50,3204.68821,73.9758822,62.9963438
1/5/2016 6:57,60,120,50,100,30,50,2861.00249,72.0390472,59.4780535
1/5/2016 6:58,50,120,50,100,30,50,2491.00055,69.8613028,55.6844807
1/5/2016 6:59,150,110,50,100,30,50,4670.98808,78.6421843,77.9442679
1/5/2016 7:00,140,110,50,100,30,50,4491.7444,77.6833799,76.1226495
1/5/2016 7:01,130,110,50,100,30,50,4299.17356,76.6807117,74.1637924
1/5/2016 7:02,120,110,50,100,30,50,4094.23059,75.6151667,72.0770654
1/5/2016 7:03,110,110,50,100,30,50,3875.90085,74.4790139,69.8517768
1/5/2016 7:04,100,110,50,100,30,50,3643.05311,73.2626304,67.4759888
1/5/2016 7:05,90,110,50,100,30,50,3394.73585,71.9501001,64.9395361
1/5/2016 7:06,80,110,50,100,30,50,3129.26265,70.5269272,62.2246753
1/5/2016 7:07,70,110,50,100,30,50,2844.94241,68.9704419,59.3135175
1/5/2016 7:08,60,110,50,100,30,50,2539.75067,67.2485813,56.1846511
1/5/2016 7:09,50,110,50,100,30,50,2211.19869,65.3131926,52.8117698
1/5/2016 7:10,150,100,50,100,30,50,4082.80549,72.4701727,71.9606744
1/5/2016 7:11,140,100,50,100,30,50,3925.66506,71.6330326,70.3591932
1/5/2016 7:12,130,100,50,100,30,50,3757.38878,70.7540114,68.6428998
1/5/2016 7:13,120,100,50,100,30,50,3578.28039,69.820086,66.8146428
1/5/2016 7:14,110,100,50,100,30,50,3387.45794,68.8244857,64.8651519
1/5/2016 7:15,100,100,50,100,30,50,3183.93348,67.7588231,62.7840309
1/5/2016 7:16,90,100,50,100,30,50,2966.87634,66.6092118,60.5624459
1/5/2016 7:17,80,100,50,100,30,50,2734.81471,65.363021,58.1849469
1/5/2016 7:18,70,100,50,100,30,50,2486.27363,64.000479,55.6359776
1/5/2016 7:19,60,100,50,100,30,50,2219.48794,62.4936159,52.8969231
1/5/2016 7:20,50,100,50,100,30,50,1932.28863,60.8004091,49.9449187
1/5/2016 7:21,150,90,50,100,30,50,3496.12045,66.3283933,65.9754848
1/5/2016 7:22,140,90,50,100,30,50,3361.1005,65.6128975,64.5957441
1/5/2016 7:23,130,90,50,100,30,50,3217.04767,64.8580594,63.122767
1/5/2016 7:24,120,90,50,100,30,50,3063.70423,64.0562551,61.5537456
1/5/2016 7:25,110,90,50,100,30,50,2900.3197,63.20167,59.880811
1/5/2016 7:26,100,90,50,100,30,50,2726.04878,62.2871405,58.095092
1/5/2016 7:27,90,90,50,100,30,50,2540.18056,61.3008007,56.1890613
1/5/2016 7:28,80,90,50,100,30,50,2341.45694,60.2318627,54.1495411
1/5/2016 7:29,70,90,50,100,30,50,2128.61749,59.0634298,51.9632765
1/5/2016 7:30,60,90,50,100,30,50,1900.1544,57.7715927,49.6144107
1/5/2016 7:31,50,90,50,100,30,50,1654.21566,56.3204133,47.0834731
1/5/2016 7:32,150,80,50,100,30,50,2910.76061,60.2150618,59.9877539
1/5/2016 7:33,140,80,50,100,30,50,2797.9494,59.620693,58.8320066
1/5/2016 7:34,130,80,50,100,30,50,2678.05255,58.9905468,57.6030481
1/5/2016 7:35,120,80,50,100,30,50,2550.40858,58.321336,56.2939862
1/5/2016 7:36,110,80,50,100,30,50,2414.39674,57.6082031,54.8983272
1/5/2016 7:37,100,80,50,100,30,50,2269.31387,56.8451975,53.4087104
1/5/2016 7:38,90,80,50,100,30,50,2114.56775,56.0224649,51.8188916
1/5/2016 7:39,80,80,50,100,30,50,1949.11316,55.1310402,50.117946
1/5/2016 7:40,70,80,50,100,30,50,1771.90284,54.1568799,48.2948908
1/5/2016 7:41,60,80,50,100,30,50,1581.68441,53.0801055,46.3365914
1/5/2016 7:42,50,80,50,100,30,50,1376.92038,51.8708204,44.2269263
1/5/2016 7:43,150,100,50,90,30,50,3931.47684,73.4974575,74.8672462
1/5/2016 7:44,140,100,50,90,30,50,3789.03811,72.6271659,73.2565135
1/5/2016 7:45,130,100,50,90,30,50,3634.8574,71.7145679,71.5116091
1/5/2016 7:46,120,100,50,90,30,50,3469.64615,70.7430767,69.6402837
1/5/2016 7:47,110,100,50,90,30,50,3292.44006,69.7055927,67.631295
1/5/2016 7:48,100,100,50,90,30,50,3102.16689,68.5932894,65.4721203
1/5/2016 7:49,90,100,50,90,30,50,2897.59865,67.3951991,63.1484036
1/5/2016 7:50,80,100,50,90,30,50,2677.69865,66.0924484,60.6478903
1/5/2016 7:51,70,100,50,90,30,50,2440.60287,64.6674753,57.948833
1/5/2016 7:52,60,100,50,90,30,50,2184.40781,63.0917349,55.0289162
1/5/2016 7:53,50,100,50,90,30,50,1906.78709,61.3225652,51.8608684
1/5/2016 7:54,150,120,50,90,30,50,5066.20299,86.1593305,87.6533505
1/5/2016 7:55,140,120,50,90,30,50,4883.62982,85.0377638,85.6017367
1/5/2016 7:56,130,120,50,90,30,50,4684.78621,83.8696008,83.3647923
1/5/2016 7:57,120,120,50,90,30,50,4471.7809,82.6254609,80.9656841
1/5/2016 7:58,110,120,50,90,30,50,4243.36065,81.2962171,78.3897309
1/5/2016 7:59,100,120,50,90,30,50,3998.14303,79.8704231,75.6206962
1/5/2016 8:00,90,120,50,90,30,50,3734.54318,78.3338567,72.6399441
1/5/2016 8:01,80,120,50,90,30,50,3451.22131,76.6621082,69.4314873
1/5/2016 8:02,70,120,50,90,30,50,3145.76823,74.8323901,65.9670832
1/5/2016 8:03,60,120,50,90,30,50,2815.71978,72.807748,62.2176648
1/5/2016 8:04,50,120,50,90,30,50,2458.06161,70.5329921,58.1476854
1/5/2016 8:05,150,110,50,90,30,50,4496.288,79.8245293,81.2418596
1/5/2016 8:06,140,110,50,90,30,50,4335.55894,78.8164756,79.4298728
1/5/2016 8:07,130,110,50,90,30,50,4159.06931,77.7758784,77.4383236
1/5/2016 8:08,120,110,50,90,30,50,3969.99911,76.6677416,75.3026518
1/5/2016 8:09,110,110,50,90,30,50,3767.22337,75.4840767,73.0097176
1/5/2016 8:10,100,110,50,90,30,50,3549.51515,74.2147531,70.5451526
1/5/2016 8:11,90,110,50,90,30,50,3315.46844,72.8471849,67.8924725
1/5/2016 8:12,80,110,50,90,30,50,3063.89574,71.3597373,65.0375754
1/5/2016 8:13,70,110,50,90,30,50,2792.6611,69.7322528,61.9554826
1/5/2016 8:14,60,110,50,90,30,50,2499.5818,67.9320007,58.6205272
1/5/2016 8:15,50,110,50,90,30,50,2181.98898,65.9100816,55.0013314
1/5/2016 8:16,150,100,50,90,30,50,3930.31258,73.5053591,74.8540854
1/5/2016 8:17,140,100,50,90,30,50,3789.0489,72.6270874,73.2566356
1/5/2016 8:18,130,100,50,90,30,50,3634.8573,71.7145687,71.5116079
1/5/2016 8:19,120,100,50,90,30,50,3469.64615,70.7430767,69.6402837
1/5/2016 8:20,110,100,50,90,30,50,3292.44006,69.7055927,67.631295
1/5/2016 8:21,100,100,50,90,30,50,3102.16689,68.5932894,65.4721203
1/5/2016 8:22,90,100,50,90,30,50,2897.59865,67.3951991,63.1484036
1/5/2016 8:23,80,100,50,90,30,50,2677.69865,66.0924484,60.6478903
1/5/2016 8:24,70,100,50,90,30,50,2440.60287,64.6674753,57.948833
1/5/2016 8:25,60,100,50,90,30,50,2184.40781,63.0917349,55.0289162
1/5/2016 8:26,50,100,50,90,30,50,1906.78709,61.3225652,51.8608684
1/5/2016 8:27,150,90,50,90,30,50,3365.7851,67.2157145,68.4630333
1/5/2016 8:28,140,90,50,90,30,50,3244.03578,66.4670807,67.0822142
1/5/2016 8:29,130,90,50,90,30,50,3112.06738,65.683274,65.5845204
1/5/2016 8:30,120,90,50,90,30,50,2970.64281,64.8490282,63.9783955
1/5/2016 8:31,110,90,50,90,30,50,2818.93484,63.9582915,62.2542184
1/5/2016 8:32,100,90,50,90,30,50,2656.02564,63.0035267,60.4012973
1/5/2016 8:33,90,90,50,90,30,50,2480.86454,61.975368,58.4073822
1/5/2016 8:34,80,90,50,90,30,50,2292.56423,60.8576899,56.2620313
1/5/2016 8:35,70,90,50,90,30,50,2089.53149,59.6354944,53.9466979
1/5/2016 8:36,60,90,50,90,30,50,1870.13994,58.2843873,51.4423716
1/5/2016 8:37,50,90,50,90,30,50,1632.40287,56.7678937,48.7258292
1/5/2016 8:38,150,80,50,90,30,50,2802.50678,60.9540626,62.0674337
1/5/2016 8:39,140,80,50,90,30,50,2700.42064,60.33422,60.9063905
1/5/2016 8:40,130,80,50,90,30,50,2590.60412,59.6797275,59.6567808
1/5/2016 8:41,120,80,50,90,30,50,2472.89799,58.9832931,58.3166564
1/5/2016 8:42,110,80,50,90,30,50,2346.62088,58.239837,56.878108
1/5/2016 8:43,100,80,50,90,30,50,2211.00884,57.4431004,55.3322582
1/5/2016 8:44,90,80,50,90,30,50,2065.18785,56.5853033,53.6689426
1/5/2016 8:45,80,80,50,90,30,50,1908.41874,55.6530565,51.8794996
1/5/2016 8:46,70,80,50,90,30,50,1739.37799,54.6338962,49.9485552
1/5/2016 8:47,60,80,50,90,30,50,1556.71446,53.5075462,47.860361
1/5/2016 8:48,50,80,50,90,30,50,1358.77851,52.2436724,45.5956877
1/5/2016 8:49,150,100,50,70,30,50,3533.69899,76.1953426,81.7718468
1/5/2016 8:50,140,100,50,70,30,50,3425.01755,75.2735849,80.1970701
1/5/2016 8:51,130,100,50,70,30,50,3306.18118,74.2890023,78.4737277
1/5/2016 8:52,120,100,50,70,30,50,3176.2392,73.2339635,76.5876521
1/5/2016 8:53,110,100,50,70,30,50,3034.02817,72.1000422,74.5215053
1/5/2016 8:54,100,100,50,70,30,50,2878.23268,70.8770046,72.2556403
1/5/2016 8:55,90,100,50,70,30,50,2707.35061,69.5522046,69.7675723
1/5/2016 8:56,80,100,50,70,30,50,2519.64401,68.1097102,67.0312349
1/5/2016 8:57,70,100,50,70,30,50,2313.0599,66.5291219,64.0157876
1/5/2016 8:58,60,100,50,70,30,50,2085.83833,64.7715116,60.6944626
1/5/2016 8:59,50,100,50,70,30,50,1834.71161,62.7977067,57.0181998
1/5/2016 9:00,150,120,50,70,30,50,4554.6336,89.6062136,96.5020468
1/5/2016 9:01,140,120,50,70,30,50,4415.5049,88.419279,94.5015688
1/5/2016 9:02,130,120,50,70,30,50,4262.02075,87.1604604,92.2921051
1/5/2016 9:03,120,120,50,70,30,50,4094.28816,85.8109232,89.8744798
1/5/2016 9:04,110,120,50,70,30,50,3910.79438,84.3598768,87.2260828
1/5/2016 9:05,100,120,50,70,30,50,3709.84881,82.7940431,84.3215572
1/5/2016 9:06,90,120,50,70,30,50,3489.51852,81.0970095,81.1318297
1/5/2016 9:07,80,120,50,70,30,50,3247.56435,79.2480936,77.6231353
1/5/2016 9:08,70,120,50,70,30,50,2981.33781,77.2208095,73.7554586
1/5/2016 9:09,60,120,50,70,30,50,2688.56488,74.9647773,69.4938736
1/5/2016 9:10,50,120,50,70,30,50,2365.02013,72.4291529,64.7746176
1/5/2016 9:11,150,110,50,70,30,50,4044.82599,82.8767144,89.1609517
1/5/2016 9:12,140,110,50,70,30,50,3919.45802,81.8320905,87.3512104
1/5/2016 9:13,130,110,50,70,30,50,3783.3631,80.7097752,85.3846641
1/5/2016 9:14,120,110,50,70,30,50,3634.56861,79.5070311,83.2323082
1/5/2016 9:15,110,110,50,70,30,50,3471.75826,78.2140971,80.8744886
1/5/2016 9:16,100,110,50,70,30,50,3293.42874,76.819228,78.2887066
1/5/2016 9:17,90,110,50,70,30,50,3097.86265,75.3079055,75.4491951
1/5/2016 9:18,80,110,50,70,30,50,2883.07173,73.6618366,72.3260553
1/5/2016 9:19,70,110,50,70,30,50,2646.70583,71.8575984,68.8838837
1/5/2016 9:20,60,110,50,70,30,50,2386.74921,69.8505537,65.0918745
1/5/2016 9:21,50,110,50,70,30,50,2099.45653,67.5957346,60.8936563
1/5/2016 9:22,150,100,50,70,30,50,3534.49011,76.1899804,81.7833053
1/5/2016 9:23,140,100,50,70,30,50,3425.00627,75.2736668,80.1969066
1/5/2016 9:24,130,100,50,70,30,50,3306.18133,74.2890011,78.4737299
1/5/2016 9:25,120,100,50,70,30,50,3176.2392,73.2339636,76.587652
1/5/2016 9:26,110,100,50,70,30,50,3034.02817,72.1000422,74.5215053
1/5/2016 9:27,100,100,50,70,30,50,2878.23268,70.8770046,72.2556403
1/5/2016 9:28,90,100,50,70,30,50,2707.35061,69.5522046,69.7675723
1/5/2016 9:29,80,100,50,70,30,50,2519.64401,68.1097102,67.0312349
1/5/2016 9:30,70,100,50,70,30,50,2313.0599,66.5291219,64.0157876
1/5/2016 9:31,60,100,50,70,30,50,2085.83833,64.7715116,60.6944626
1/5/2016 9:32,50,100,50,70,30,50,1834.71161,62.7977067,57.0181998
1/5/2016 9:33,150,90,50,70,30,50,3020.51966,69.5645465,74.3251366
1/5/2016 9:34,140,90,50,70,30,50,2932.10763,68.7415093,73.0394651
1/5/2016 9:35,130,90,50,70,30,50,2830.39543,67.8958916,71.5594147
1/5/2016 9:36,120,90,50,70,30,50,2719.22469,66.9894115,69.9405539
1/5/2016 9:37,110,90,50,70,30,50,2597.53286,66.0153469,68.1670937
1/5/2016 9:38,100,90,50,70,30,50,2464.19317,64.9649544,66.2222351
1/5/2016 9:39,90,90,50,70,30,50,2317.91858,63.8274402,64.0867548
1/5/2016 9:40,80,90,50,70,30,50,2157.22087,62.5892059,61.7383864
1/5/2016 9:41,70,90,50,70,30,50,1980.34324,61.2328392,59.1508085
1/5/2016 9:42,60,90,50,70,30,50,1785.77922,59.7250895,56.3012142
1/5/2016 9:43,50,90,50,70,30,50,1570.73648,58.032504,53.1477799
1/5/2016 9:44,150,80,50,70,30,50,2515.92131,62.9093167,66.9769318
1/5/2016 9:45,140,80,50,70,30,50,2440.48156,62.2348845,65.8762047
1/5/2016 9:46,130,80,50,70,30,50,2355.91554,61.5283052,64.6416721
1/5/2016 9:47,120,80,50,70,30,50,2263.43782,60.7711976,63.2908666
1/5/2016 9:48,110,80,50,70,30,50,2162.18999,59.9577802,61.8110392
1/5/2016 9:49,100,80,50,70,30,50,2051.23261,59.0807969,60.1882074
1/5/2016 9:50,90,80,50,70,30,50,1929.49355,58.1312865,58.4063901
1/5/2016 9:51,80,80,50,70,30,50,1795.73385,57.0979596,56.4470925
1/5/2016 9:52,70,80,50,70,30,50,1648.49197,55.966357,54.288471
1/5/2016 9:53,60,80,50,70,30,50,1486.51279,54.7088771,51.9116083
1/5/2016 9:54,50,80,50,70,30,50,1307.47726,53.297716,49.2818488
1/5/2016 9:55,150,100,50,60,30,50,3265.63841,78.0114451,85.768442
1/5/2016 9:56,140,100,50,60,30,50,3177.54434,77.0707836,84.2823018
1/5/2016 9:57,130,100,50,60,30,50,3080.68556,76.0534191,82.6469856
1/5/2016 9:58,120,100,50,60,30,50,2973.06846,74.9570648,80.8284311
1/5/2016 9:59,110,100,50,60,30,50,2853.41251,73.7720312,78.8044846
1/5/2016 10:00,100,100,50,60,30,50,2720.2361,72.4868174,76.5494542
1/5/2016 10:01,90,100,50,60,30,50,2571.83816,71.0873189,74.0337614
1/5/2016 10:02,80,100,50,60,30,50,2406.24652,69.5558681,71.2230207
1/5/2016 10:03,70,100,50,60,30,50,2221.14044,67.8698331,68.0766658
1/5/2016 10:04,60,100,50,60,30,50,2013.71813,65.9997589,64.5456192
1/5/2016 10:05,50,100,50,60,30,50,1781.545,63.8852391,60.5866666
1/5/2016 10:06,150,120,50,60,30,50,4209.87795,91.9255529,101.623519
1/5/2016 10:07,140,120,50,60,30,50,4097.3859,90.7137676,99.7417965
1/5/2016 10:08,130,120,50,60,30,50,3972.11163,89.413865,97.644092
1/5/2016 10:09,120,120,50,60,30,50,3833.03944,88.0123753,95.3124242
1/5/2016 10:10,110,120,50,60,30,50,3678.49789,86.4969688,92.7178429
1/5/2016 10:11,100,120,50,60,30,50,3506.58649,84.8527321,89.8273076
1/5/2016 10:12,90,120,50,60,30,50,3315.12051,83.0613649,86.602697
1/5/2016 10:13,80,120,50,60,30,50,3101.5641,81.0999273,82.9996045
1/5/2016 10:14,70,120,50,60,30,50,2862.929,78.93902,78.9655281
1/5/2016 10:15,60,120,50,60,30,50,2595.60185,76.5403682,74.4368168
1/5/2016 10:16,50,120,50,60,30,50,2296.43732,73.8257676,69.357082
1/5/2016 10:17,150,110,50,60,30,50,3737.44677,84.9520902,93.7079677
1/5/2016 10:18,140,110,50,60,30,50,3636.66997,83.8789231,92.0149617
1/5/2016 10:19,130,110,50,60,30,50,3525.66002,82.7196896,90.1482348
1/5/2016 10:20,120,110,50,60,30,50,3402.36147,81.4702293,88.0726664
1/5/2016 10:21,110,110,50,60,30,50,3265.30818,80.1194656,85.7628732
1/5/2016 10:22,100,110,50,60,30,50,3112.80865,78.6542014,83.1894881
1/5/2016 10:23,90,110,50,60,30,50,2942.91984,77.0582461,80.3186687
1/5/2016 10:24,80,110,50,60,30,50,2753.38775,75.3113121,77.1110331
1/5/2016 10:25,70,110,50,60,30,50,2541.55818,73.3874058,73.520071
1/5/2016 10:26,60,110,50,60,30,50,2304.22422,71.2526938,69.4894545
1/5/2016 10:27,50,110,50,60,30,50,2038.5976,68.8378992,64.9694491
1/5/2016 10:28,150,100,50,60,30,50,3265.58628,78.0117981,85.767563
1/5/2016 10:29,140,100,50,60,30,50,3177.54543,77.0707756,84.2823203
1/5/2016 10:30,130,100,50,60,30,50,3080.68554,76.0534193,82.6469853
1/5/2016 10:31,120,100,50,60,30,50,2973.06846,74.9570648,80.8284311
1/5/2016 10:32,110,100,50,60,30,50,2853.41251,73.7720312,78.8044846
1/5/2016 10:33,100,100,50,60,30,50,2720.2361,72.4868174,76.5494542
1/5/2016 10:34,90,100,50,60,30,50,2571.83816,71.0873189,74.0337614
1/5/2016 10:35,80,100,50,60,30,50,2406.24652,69.5558681,71.2230207
1/5/2016 10:36,70,100,50,60,30,50,2221.14044,67.8698331,68.0766658
1/5/2016 10:37,60,100,50,60,30,50,2013.71813,65.9997589,64.5456192
1/5/2016 10:38,50,100,50,60,30,50,1781.545,63.8852391,60.5866666
1/5/2016 10:39,150,90,50,60,30,50,2795.24559,71.0957111,77.8198717
1/5/2016 10:40,140,90,50,60,30,50,2719.90883,70.2874073,76.5439095
1/5/2016 10:41,130,90,50,60,30,50,2637.10919,69.4129259,75.1406346
1/5/2016 10:42,120,90,50,60,30,50,2545.08589,68.4706857,73.579924
1/5/2016 10:43,110,90,50,60,30,50,2442.74098,67.4523997,71.8427956
1/5/2016 10:44,100,90,50,60,30,50,2328.80329,66.348246,69.9072303
1/5/2016 10:45,90,90,50,60,30,50,2201.81401,65.1461845,67.7479008
1/5/2016 10:46,80,90,50,60,30,50,2060.08279,63.8311377,65.335392
1/5/2016 10:47,70,90,50,60,30,50,1901.62186,62.3837941,62.6350381
1/5/2016 10:48,60,90,50,60,30,50,1724.03335,60.7790186,59.6049451
1/5/2016 10:49,50,90,50,60,30,50,1525.23322,58.9652224,56.2082944
1/5/2016 10:50,150,80,50,60,30,50,2323.70279,64.2198093,69.8205427
1/5/2016 10:51,140,80,50,60,30,50,2263.71647,63.5264884,68.8007595
1/5/2016 10:52,130,80,50,60,30,50,2194.83787,62.7962167,67.6292165
1/5/2016 10:53,120,80,50,60,30,50,2118.32733,62.0090242,66.3271315
1/5/2016 10:54,110,80,50,60,30,50,2033.2126,61.1584366,64.8777205
1/5/2016 10:55,100,80,50,60,30,50,1938.43447,60.2362882,63.2626531
1/5/2016 10:56,90,80,50,60,30,50,1832.77668,59.2325829,61.4608414
1/5/2016 10:57,80,80,50,60,30,50,1714.83072,58.1348058,59.4478183
1/5/2016 10:58,70,80,50,60,30,50,1582.94133,56.9269274,57.1947786
1/5/2016 10:59,60,80,50,60,30,50,1435.1135,55.5880783,54.6669508
1/5/2016 11:00,50,80,50,60,30,50,1269.61084,54.0754389,51.8337966
