Timestamp,H2O in flow,MeOH in flow,EtOH in flow,DME in flow,Tot feed flow,Reflux Ratio,Btm T,Reb Duty,Cond Duty,MeOH mass fr Top,MeOH mol fr Top,MeOH Top flow,H2O mol fr Btm,H2O mol flow Btm,Btm mol flow,Top mol flow
Categories,Independent,Independent,Independent,Independent,Independent,Independent,Dependent,Dependent,Dependent,Dependent,Dependent,Dependent,Dependent,Independent,Dependent,Dependent
1/4/2017 0:00,2974,8368,5.3,20,11367.3,1,117,157.5,-158.9,1,1,8359.8,1,2459.9,2461.3,8689.2
2/4/2017 0:00,2907.2,8180,5.1,20,11112.4,1,117,154.6,-155.9,1,1,8172.1,1,2369.7,2371.1,8524.4
3/4/2017 0:00,2944.3,8284.4,5.2,20,11253.9,1,117,156.2,-157.5,1,1,8276.3,1,2420.4,2421.7,8615.3
4/4/2017 0:00,2994.8,8426.6,5.3,20,11446.7,1,117,158.4,-159.8,1,1,8418.3,1,2487.2,2488.6,8741.5
5/4/2017 0:00,2978,8379.3,5.3,20,11382.6,1,117,157.7,-159,1,1,8371.1,1,2465.2,2466.6,8699.3
6/4/2017 0:00,2961.4,8332.5,5.2,20,11319.1,1,117,156.9,-158.3,1,1,8324.4,1,2443.3,2444.6,8657.8
7/4/2017 0:00,2939,8269.5,5.2,20,11233.7,1,117,156,-157.3,1,1,8261.5,1,2413.3,2414.6,8602.3
8/4/2017 0:00,3005,8455.2,5.3,20,11485.5,1,117,158.9,-160.2,1,1,8446.9,1,2500.3,2501.8,8767.2
9/4/2017 0:00,3007.8,8463,5.3,20,11496,1,117,159,-160.4,1,1,8454.6,1,2503.9,2505.3,8774.1
10/4/2017 0:00,3024.3,8509.4,5.3,20,11559,1,117,159.7,-161.1,1,1,8501,1,2525,2526.5,8816
11/4/2017 0:00,2900.8,8161.9,5.1,20,11087.8,1,117,154.3,-155.7,1,1,8154,1,2360.8,2362.1,8508.8
12/4/2017 0:00,2993,8421.6,5.3,20,11439.9,1,117,158.3,-159.7,1,1,8413.3,1,2484.8,2486.2,8737
13/4/2017 0:00,2968.1,8351.3,5.2,20,11344.7,1,117,157.2,-158.6,1,1,8343.2,1,2452.1,2453.5,8674.4
14/4/2017 0:00,2953.2,8309.4,5.2,20,11287.8,1,117,156.6,-157.9,1,1,8301.3,1,2432.3,2433.7,8637.4
15/4/2017 0:00,2993.8,8423.7,5.3,20,11442.8,1,117,158.4,-159.7,1,1,8415.5,1,2485.9,2487.2,8738.9
16/4/2017 0:00,3041.5,8558,5.4,20,11624.9,1,117,160.5,-161.9,1,1,8549.6,1,2546.9,2548.4,8860
17/4/2017 0:00,2890.8,8134,5.1,20,11050,1,117,153.9,-155.2,1,1,8126.2,1,2346.9,2348.2,8484.8
18/4/2017 0:00,2972.1,8362.6,5.2,20,11360,1,117,157.4,-158.8,1,1,8354.4,1,2457.4,2458.8,8684.4
19/4/2017 0:00,3017.5,8490.5,5.3,20,11533.3,1,117,159.4,-160.8,1,1,8482.1,1,2516.4,2517.9,8798.9
20/4/2017 0:00,3056.1,8599,5.4,20,11680.4,1,117,161.2,-162.6,1,1,8590.4,1,2565.2,2566.6,8897.3
21/4/2017 0:00,3965.3,11157.3,7,20,15149.7,1,117,205.9,-207.4,1,1,11146.6,1,3546.6,3548.6,11385.9
22/4/2017 0:00,4026.6,11329.6,7.1,20,15383.3,1,117,209,-210.6,1,1,11318.8,1,3606.4,3608.4,11559.7
23/4/2017 0:00,3928.6,11054.1,6.9,20,15009.7,1,117,204,-205.5,1,1,11043.4,1,3510.6,3512.5,11282
24/4/2017 0:00,4051.5,11399.6,7.2,20,15478.2,1,117,210.3,-211.9,1,1,11388.8,1,3630.5,3632.5,11630.6
25/4/2017 0:00,3878.7,10913.7,6.8,20,14819.2,1,117,201.5,-203,1,1,10903,1,3461.1,3463.1,11141
26/4/2017 0:00,3915.4,11016.8,6.9,20,14959,1,117,203.3,-204.9,1,1,11006,1,3497.5,3499.4,11244.5
27/4/2017 0:00,4014.6,11295.8,7.1,20,15337.5,1,117,208.4,-210,1,1,11285,1,3594.7,3596.7,11525.6
28/4/2017 0:00,3901,10976.4,6.9,20,14904.3,1,117,202.6,-204.1,1,1,10965.7,1,3483.3,3485.2,11203.9
29/4/2017 0:00,4074.6,11464.7,7.2,20,15566.4,1,117,211.5,-213.1,1,1,11453.8,1,3652.8,3654.9,11696.5
30/4/2017 0:00,3926.8,11049,6.9,20,15002.8,1,117,203.9,-205.4,1,1,11038.3,1,3508.8,3510.8,11276.9
1/5/2017 0:00,4028.2,11334.2,7.1,20,15389.4,1,117,209.1,-210.7,1,1,11323.3,1,3608,3610,11564.3
2/5/2017 0:00,3857.4,10853.7,6.8,20,14738,1,117,200.4,-201.9,1,1,10843.1,1,3439.9,3441.9,11080.9
3/5/2017 0:00,3895.1,10959.8,6.9,20,14881.8,1,117,202.3,-203.8,1,1,10949.1,1,3477.4,3479.4,11187.3
4/5/2017 0:00,3832.8,10784.3,6.8,20,14643.8,1,117,199.1,-200.6,1,1,10773.7,1,3415.3,3417.2,11011.5
5/5/2017 0:00,3902,10979.2,6.9,20,14908.1,1,117,202.7,-204.2,1,1,10968.5,1,3484.3,3486.2,11206.8
6/5/2017 0:00,3918,11024.2,6.9,20,14969.1,1,117,203.5,-205,1,1,11013.5,1,3500.1,3502,11251.9
7/5/2017 0:00,3946.9,11105.4,7,20,15079.3,1,117,204.9,-206.5,1,1,11094.7,1,3528.5,3530.5,11333.6
8/5/2017 0:00,4001,11257.7,7.1,20,15285.7,1,117,207.7,-209.3,1,1,11246.9,1,3581.5,3583.5,11487.1
9/5/2017 0:00,3996.3,11244.4,7.1,20,15267.7,1,117,207.5,-209,1,1,11233.6,1,3576.9,3578.9,11473.7
10/5/2017 0:00,4104.8,11549.8,7.2,20,15681.9,1,117,213.1,-214.6,1,1,11538.9,1,3681.9,3684,11782.8
11/5/2017 0:00,4461,12552,7.9,20,17040.9,1,117,231.7,-233.3,1,1,12541,1,4011.9,4014.2,12811.5
12/5/2017 0:00,4647.5,13076.7,8.2,20,17752.4,1,117,241.6,-243.3,1,1,13065.9,1,4173.5,4175.9,13361.2
13/5/2017 0:00,4331,12186.1,7.6,20,16544.7,1,117,224.8,-226.4,1,1,12175.1,1,3894.2,3896.4,12433.1
14/5/2017 0:00,4403,12388.7,7.8,20,16819.5,1,117,228.6,-230.2,1,1,12377.8,1,3959.9,3962.1,12642.3
15/5/2017 0:00,4482.2,12611.6,7.9,20,17121.8,1,117,232.8,-234.5,1,1,12600.7,1,4030.8,4033,12873.5
16/5/2017 0:00,4398.4,12376,7.8,20,16802.2,1,117,228.4,-230,1,1,12365,1,3955.8,3958,12629
17/5/2017 0:00,4489.1,12631,7.9,20,17148,1,117,233.2,-234.8,1,1,12620,1,4036.8,4039.1,12893.7
18/5/2017 0:00,4453.3,12530.4,7.9,20,17011.5,1,117,231.3,-232.9,1,1,12519.4,1,4005.1,4007.3,12789
19/5/2017 0:00,4392,12358,7.8,20,16777.7,1,117,228,-229.7,1,1,12347,1,3950,3952.2,12610.4
20/5/2017 0:00,4388.2,12347.2,7.7,20,16763.2,1,117,227.8,-229.5,1,1,12336.2,1,3946.5,3948.7,12599.3
21/5/2017 0:00,4475.4,12592.6,7.9,20,17095.9,1,117,232.4,-234.1,1,1,12581.6,1,4024.7,4027,12853.7
22/5/2017 0:00,4562.1,12836.5,8.1,20,17426.6,1,117,237,-238.7,1,1,12825.6,1,4100.7,4103,13108.4
23/5/2017 0:00,4447.1,12512.9,7.9,20,16987.9,1,117,230.9,-232.6,1,1,12502,1,3999.5,4001.8,12770.9
24/5/2017 0:00,4388.8,12348.8,7.7,20,16765.3,1,117,227.9,-229.5,1,1,12337.8,1,3947,3949.2,12600.9
25/5/2017 0:00,4473.2,12586.4,7.9,20,17087.5,1,117,232.3,-234,1,1,12575.5,1,4022.8,4025.1,12847.3
26/5/2017 0:00,4532.8,12753.9,8,20,17314.7,1,117,235.5,-237.2,1,1,12743,1,4075.2,4077.5,13021.9
27/5/2017 0:00,4387.8,12346,7.7,20,16761.5,1,117,227.8,-229.4,1,1,12335,1,3946.1,3948.3,12598
28/5/2017 0:00,4482.4,12612.2,7.9,20,17122.5,1,117,232.8,-234.5,1,1,12601.2,1,4030.9,4033.2,12874.1
29/5/2017 0:00,4345.5,12227,7.7,20,16600.2,1,117,225.6,-227.2,1,1,12216,1,3907.6,3909.8,12475.3
30/5/2017 0:00,4523.3,12727.4,8,20,17278.7,1,117,235,-236.7,1,1,12716.5,1,4067,4069.3,12994.2
31/5/2017 0:00,4956.7,13946.7,8.8,20,18932.1,1,117,258.7,-260.5,1,1,13936.3,1,4413.5,4416,14300.3
1/6/2017 0:00,4823.3,13571.3,8.5,20,18423.1,1,117,251.2,-253,1,1,13560.7,1,4315.4,4317.8,13889.7
2/6/2017 0:00,4928.1,13866.2,8.7,20,18822.9,1,117,257.1,-258.9,1,1,13855.7,1,4393.3,4395.8,14211.4
3/6/2017 0:00,5039.9,14180.7,8.9,20,19249.5,1,117,263.5,-265.4,1,1,14170.5,1,4468.9,4471.4,14562.1
4/6/2017 0:00,4834,13601.5,8.5,20,18464.1,1,117,251.8,-253.6,1,1,13590.9,1,4323.6,4326.1,13922.4
5/6/2017 0:00,5035.2,14167.7,8.9,20,19231.8,1,117,263.2,-265.1,1,1,14157.4,1,4465.9,4468.4,14547.4
6/6/2017 0:00,5052.6,14216.5,8.9,20,19298,1,117,264.2,-266.1,1,1,14206.3,1,4476.9,4479.4,14602.6
7/6/2017 0:00,5006.5,14086.9,8.8,20,19122.3,1,117,261.6,-263.4,1,1,14076.6,1,4447.3,4449.8,14456.6
8/6/2017 0:00,4866.6,13693.3,8.6,20,18588.5,1,117,253.6,-255.4,1,1,13682.7,1,4348.4,4350.8,14022.1
9/6/2017 0:00,5152,14496.3,9.1,20,19677.4,1,117,270.1,-272.1,1,1,14486.3,1,4534.1,4536.6,14924.6
10/6/2017 0:00,5026,14141.8,8.9,20,19196.7,1,117,262.7,-264.6,1,1,14131.5,1,4460,4462.5,14518.2
11/6/2017 0:00,4911.7,13820.2,8.7,20,18760.6,1,117,256.2,-258,1,1,13809.7,1,4381.6,4384,14160.8
12/6/2017 0:00,5057.3,14229.9,8.9,20,19316.1,1,117,264.5,-266.4,1,1,14219.7,1,4479.8,4482.3,14617.8
13/6/2017 0:00,4995,14054.6,8.8,20,19078.5,1,117,260.9,-262.8,1,1,14044.3,1,4439.7,4442.2,14420.4
14/6/2017 0:00,5025.6,14140.5,8.9,20,19195,1,117,262.7,-264.5,1,1,14130.3,1,4459.7,4462.2,14516.8
15/6/2017 0:00,4941.1,13902.9,8.7,20,18872.7,1,117,257.8,-259.7,1,1,13892.4,1,4402.6,4405.1,14251.9
16/6/2017 0:00,4955.7,13943.9,8.7,20,18928.3,1,117,258.7,-260.5,1,1,13933.5,1,4412.8,4415.3,14297.2
17/6/2017 0:00,4941.4,13903.7,8.7,20,18873.9,1,117,257.9,-259.7,1,1,13893.3,1,4402.8,4405.3,14252.8
18/6/2017 0:00,4903.9,13798.2,8.7,20,18730.7,1,117,255.7,-257.5,1,1,13787.7,1,4375.9,4378.3,14136.7
19/6/2017 0:00,4988.9,14037.5,8.8,20,19055.2,1,117,260.6,-262.4,1,1,14027.1,1,4435.6,4438.1,14401.3
20/6/2017 0:00,5452.3,15341.3,9.6,20,20823.3,1,117,289.8,-291.9,1,1,15332.3,1,4616.1,4618.7,15987.6
21/6/2017 0:00,5580.8,15702.9,9.9,20,21313.6,1,117,299.8,-302,1,1,15694.3,1,4574,4576.6,16519.7
22/6/2017 0:00,5374.2,15121.6,9.5,20,20525.3,1,117,284.3,-286.4,1,1,15112.2,1,4613.2,4615.8,15692.7
23/6/2017 0:00,5556.6,15634.7,9.8,20,21221.1,1,117,297.8,-300,1,1,15626,1,4587.5,4590.1,16413.7
24/6/2017 0:00,5473.1,15399.7,9.7,20,20902.5,1,117,291.3,-293.4,1,1,15390.7,1,4613.8,4616.4,16069.1
25/6/2017 0:00,5546.3,15605.8,9.8,20,21181.9,1,117,297,-299.1,1,1,15597.1,1,4592.4,4595,16369.7
26/6/2017 0:00,5507.1,15495.4,9.7,20,21032.2,1,117,293.9,-296,1,1,15486.5,1,4606.6,4609.1,16205.9
27/6/2017 0:00,5288.3,14879.7,9.3,20,20197.3,1,117,278.6,-280.6,1,1,14870,1,4592.8,4595.3,15385.4
28/6/2017 0:00,5304,14923.9,9.4,20,20257.2,1,117,279.7,-281.6,1,1,14914.3,1,4597.6,4600.2,15440.5
29/6/2017 0:00,5446.6,15325.1,9.6,20,20801.3,1,117,289.4,-291.5,1,1,15316,1,4616.5,4619.1,15965.2
30/6/2017 0:00,5487.2,15439.4,9.7,20,20956.3,1,117,292.4,-294.5,1,1,15430.5,1,4611.3,4613.9,16125.3
1/7/2017 0:00,5369,15106.7,9.5,20,20505.2,1,117,284,-286,1,1,15097.4,1,4612.4,4615,15673.4
2/7/2017 0:00,5492,15453,9.7,20,20974.7,1,117,292.8,-294.9,1,1,15444.1,1,4610.3,4612.9,16144.7
3/7/2017 0:00,5474.8,15404.6,9.7,20,20909.1,1,117,291.5,-293.6,1,1,15395.6,1,4613.5,4616.1,16076
4/7/2017 0:00,5590.8,15731,9.9,20,21351.7,1,117,300.6,-302.8,1,0.9,15722.5,1,4567.5,4570.1,16564.3
5/7/2017 0:00,5488.4,15442.7,9.7,20,20960.8,1,117,292.5,-294.6,1,1,15433.8,1,4611.1,4613.7,16130.1
6/7/2017 0:00,5280.7,14858.5,9.3,20,20168.6,1,117,278.2,-280.1,1,1,14848.9,1,4590.3,4592.9,15359.2
7/7/2017 0:00,5372.2,15115.9,9.5,20,20517.6,1,117,284.2,-286.2,1,1,15106.5,1,4612.9,4615.5,15685.3
8/7/2017 0:00,5193.8,14613.8,9.2,20,19836.7,1,117,272.7,-274.6,1,1,14603.9,1,4554.8,4557.4,15063
9/7/2017 0:00,5530.8,15562.2,9.8,20,21122.8,1,117,295.7,-297.9,1,1,15553.5,1,4598.8,4601.4,16304.3
10/7/2017 0:00,5948,16736,10.5,20,22714.5,1,117,344.5,-347.4,0.9,0.9,16729.6,1,3654.5,3656.6,18839.3
11/7/2017 0:00,6071,17082.1,10.7,20,23183.8,1,117,374.8,-378.3,0.9,0.8,17076.8,1,2592.4,2593.8,20370.9
12/7/2017 0:00,5961.7,16774.7,10.5,20,22766.9,1,117,347.2,-350.2,0.9,0.9,16768.3,1,3569.9,3571.9,18976.3
13/7/2017 0:00,6041.5,16999.2,10.7,20,23071.4,1,117,366,-369.3,0.9,0.9,16993.6,1,2922,2923.7,19928.8
14/7/2017 0:00,5892.2,16578.9,10.4,20,22501.4,1,117,334.8,-337.5,0.9,0.9,16572,1,3938.9,3941.2,18341.9
15/7/2017 0:00,5987.3,16846.6,10.6,20,22864.5,1,117,352.6,-355.7,0.9,0.9,16840.5,1,3393.9,3395.8,19249.9
16/7/2017 0:00,5877.1,16536.5,10.4,20,22444,1,117,332.5,-335.1,0.9,0.9,16529.6,1,4001.8,4004.1,18221.6
17/7/2017 0:00,5976.4,16816,10.6,20,22823,1,117,350.3,-353.3,0.9,0.9,16809.8,1,3471.9,3473.9,19130.4
18/7/2017 0:00,6047.1,17014.9,10.7,20,23092.7,1,117,367.6,-370.9,0.9,0.9,17009.4,1,2863.9,2865.5,20008.2
19/7/2017 0:00,5990.1,16854.4,10.6,20,22875,1,117,353.2,-356.3,0.9,0.9,16848.3,1,3373.4,3375.3,19281
20/7/2017 0:00,5965.8,16786.1,10.5,20,22782.4,1,117,348,-351,0.9,0.9,16779.8,1,3543.7,3545.7,19018
21/7/2017 0:00,5903,16609.3,10.4,20,22542.6,1,117,336.5,-339.3,0.9,0.9,16602.5,1,3890.5,3892.7,18431.5
22/7/2017 0:00,5837.2,16424.1,10.3,20,22291.6,1,117,326.7,-329.3,0.9,0.9,16416.9,1,4145.7,4148,17925.4
23/7/2017 0:00,6026.6,16957.2,10.6,20,23014.4,1,117,362,-365.3,0.9,0.9,16951.4,1,3067.5,3069.3,19726.2
24/7/2017 0:00,5849.3,16458.2,10.3,20,22337.8,1,117,328.4,-331,0.9,0.9,16451,1,4105.4,4107.7,18011.9
25/7/2017 0:00,5985.4,16841.2,10.6,20,22857.1,1,117,352.2,-355.2,0.9,0.9,16835,1,3408.2,3410.1,19228.2
26/7/2017 0:00,5944.7,16726.8,10.5,20,22702,1,117,343.9,-346.8,0.9,0.9,16720.3,1,3673.7,3675.8,18807.6
27/7/2017 0:00,6005.4,16897.5,10.6,20,22933.4,1,117,356.7,-359.9,0.9,0.9,16891.5,1,3253.1,3254.9,19459.7
28/7/2017 0:00,5910.2,16629.6,10.4,20,22570.3,1,117,337.8,-340.5,0.9,0.9,16622.9,1,3856.5,3858.6,18493.2
29/7/2017 0:00,5778.5,16258.9,10.2,20,22067.6,1,117,319.3,-321.7,1,0.9,16251.3,1,4307.2,4309.7,17539.9
,,,,,,,,,,,,,,,,
,,,,,,,,,,,,,,,,
,,,,,,,,,,,,,,,,
,,,,,,,,,,,,,,,,
,,,,,,,,,,,,,,,,
,,,,,,,,,,,,,,,,
,,,,,,,,,,,,,,,,
,,,,,,,,,,,,,,,,
,,,,,,,,,,,,,,,,
,,,,,,,,,,,,,,,,
,,,,,,,,,,,,,,,,
,,,,,,,,,,,,,,,,
,,,,,,,,,,,,,,,,
,,,,,,,,,,,,,,,,
,,,,,,,,,,,,,,,,
,,,,,,,,,,,,,,,,
,,,,,,,,,,,,,,,,
,,,,,,,,,,,,,,,,
,,,,,,,,,,,,,,,,
,,,,,,,,,,,,,,,,
,,,,,,,,,,,,,,,,
,,,,,,,,,,,,,,,,
,,,,,,,,,,,,,,,,
,,,,,,,,,,,,,,,,
,,,,,,,,,,,,,,,,
,,,,,,,,,,,,,,,,
,,,,,,,,,,,,,,,,
,,,,,,,,,,,,,,,,
,,,,,,,,,,,,,,,,
,,,,,,,,,,,,,,,,
,,,,,,,,,,,,,,,,
,,,,,,,,,,,,,,,,
,,,,,,,,,,,,,,,,
,,,,,,,,,,,,,,,,
,,,,,,,,,,,,,,,,
,,,,,,,,,,,,,,,,
,,,,,,,,,,,,,,,,
,,,,,,,,,,,,,,,,
,,,,,,,,,,,,,,,,
,,,,,,,,,,,,,,,,
,,,,,,,,,,,,,,,,
,,,,,,,,,,,,,,,,
,,,,,,,,,,,,,,,,
,,,,,,,,,,,,,,,,
,,,,,,,,,,,,,,,,
,,,,,,,,,,,,,,,,
,,,,,,,,,,,,,,,,
,,,,,,,,,,,,,,,,
,,,,,,,,,,,,,,,,
,,,,,,,,,,,,,,,,
,,,,,,,,,,,,,,,,
,,,,,,,,,,,,,,,,
,,,,,,,,,,,,,,,,
,,,,,,,,,,,,,,,,
,,,,,,,,,,,,,,,,
,,,,,,,,,,,,,,,,
,,,,,,,,,,,,,,,,
,,,,,,,,,,,,,,,,
,,,,,,,,,,,,,,,,
,,,,,,,,,,,,,,,,
,,,,,,,,,,,,,,,,
,,,,,,,,,,,,,,,,
,,,,,,,,,,,,,,,,
,,,,,,,,,,,,,,,,
,,,,,,,,,,,,,,,,
,,,,,,,,,,,,,,,,
,,,,,,,,,,,,,,,,
,,,,,,,,,,,,,,,,
,,,,,,,,,,,,,,,,
,,,,,,,,,,,,,,,,
,,,,,,,,,,,,,,,,
,,,,,,,,,,,,,,,,
,,,,,,,,,,,,,,,,
,,,,,,,,,,,,,,,,
,,,,,,,,,,,,,,,,
,,,,,,,,,,,,,,,,
,,,,,,,,,,,,,,,,
,,,,,,,,,,,,,,,,
,,,,,,,,,,,,,,,,
,,,,,,,,,,,,,,,,
,,,,,,,,,,,,,,,,
,,,,,,,,,,,,,,,,
,,,,,,,,,,,,,,,,
,,,,,,,,,,,,,,,,
,,,,,,,,,,,,,,,,
,,,,,,,,,,,,,,,,
,,,,,,,,,,,,,,,,
,,,,,,,,,,,,,,,,
,,,,,,,,,,,,,,,,
,,,,,,,,,,,,,,,,
,,,,,,,,,,,,,,,,
,,,,,,,,,,,,,,,,
,,,,,,,,,,,,,,,,
,,,,,,,,,,,,,,,,
,,,,,,,,,,,,,,,,
,,,,,,,,,,,,,,,,
,,,,,,,,,,,,,,,,
,,,,,,,,,,,,,,,,
,,,,,,,,,,,,,,,,
,,,,,,,,,,,,,,,,
,,,,,,,,,,,,,,,,
,,,,,,,,,,,,,,,,
,,,,,,,,,,,,,,,,
,,,,,,,,,,,,,,,,
,,,,,,,,,,,,,,,,
,,,,,,,,,,,,,,,,
,,,,,,,,,,,,,,,,
,,,,,,,,,,,,,,,,
,,,,,,,,,,,,,,,,
,,,,,,,,,,,,,,,,
,,,,,,,,,,,,,,,,
,,,,,,,,,,,,,,,,
,,,,,,,,,,,,,,,,
,,,,,,,,,,,,,,,,
,,,,,,,,,,,,,,,,
,,,,,,,,,,,,,,,,
,,,,,,,,,,,,,,,,
,,,,,,,,,,,,,,,,
,,,,,,,,,,,,,,,,
,,,,,,,,,,,,,,,,
,,,,,,,,,,,,,,,,
,,,,,,,,,,,,,,,,
,,,,,,,,,,,,,,,,
,,,,,,,,,,,,,,,,
,,,,,,,,,,,,,,,,
,,,,,,,,,,,,,,,,
,,,,,,,,,,,,,,,,
,,,,,,,,,,,,,,,,
,,,,,,,,,,,,,,,,
,,,,,,,,,,,,,,,,
,,,,,,,,,,,,,,,,
,,,,,,,,,,,,,,,,
,,,,,,,,,,,,,,,,
,,,,,,,,,,,,,,,,
,,,,,,,,,,,,,,,,
,,,,,,,,,,,,,,,,
,,,,,,,,,,,,,,,,
,,,,,,,,,,,,,,,,
,,,,,,,,,,,,,,,,
,,,,,,,,,,,,,,,,
,,,,,,,,,,,,,,,,
,,,,,,,,,,,,,,,,
,,,,,,,,,,,,,,,,
,,,,,,,,,,,,,,,,
,,,,,,,,,,,,,,,,
,,,,,,,,,,,,,,,,
,,,,,,,,,,,,,,,,
,,,,,,,,,,,,,,,,
,,,,,,,,,,,,,,,,
,,,,,,,,,,,,,,,,
,,,,,,,,,,,,,,,,
,,,,,,,,,,,,,,,,
,,,,,,,,,,,,,,,,
,,,,,,,,,,,,,,,,
,,,,,,,,,,,,,,,,
,,,,,,,,,,,,,,,,
,,,,,,,,,,,,,,,,
,,,,,,,,,,,,,,,,
,,,,,,,,,,,,,,,,
,,,,,,,,,,,,,,,,
,,,,,,,,,,,,,,,,
,,,,,,,,,,,,,,,,
,,,,,,,,,,,,,,,,
,,,,,,,,,,,,,,,,
,,,,,,,,,,,,,,,,
,,,,,,,,,,,,,,,,
,,,,,,,,,,,,,,,,
,,,,,,,,,,,,,,,,
,,,,,,,,,,,,,,,,
,,,,,,,,,,,,,,,,
,,,,,,,,,,,,,,,,
,,,,,,,,,,,,,,,,
,,,,,,,,,,,,,,,,
,,,,,,,,,,,,,,,,
,,,,,,,,,,,,,,,,
,,,,,,,,,,,,,,,,
,,,,,,,,,,,,,,,,
,,,,,,,,,,,,,,,,
,,,,,,,,,,,,,,,,
,,,,,,,,,,,,,,,,
,,,,,,,,,,,,,,,,
,,,,,,,,,,,,,,,,
,,,,,,,,,,,,,,,,
,,,,,,,,,,,,,,,,
,,,,,,,,,,,,,,,,
,,,,,,,,,,,,,,,,
,,,,,,,,,,,,,,,,
,,,,,,,,,,,,,,,,
,,,,,,,,,,,,,,,,
,,,,,,,,,,,,,,,,
,,,,,,,,,,,,,,,,
,,,,,,,,,,,,,,,,
,,,,,,,,,,,,,,,,
,,,,,,,,,,,,,,,,
,,,,,,,,,,,,,,,,
,,,,,,,,,,,,,,,,
,,,,,,,,,,,,,,,,
,,,,,,,,,,,,,,,,
,,,,,,,,,,,,,,,,
,,,,,,,,,,,,,,,,
,,,,,,,,,,,,,,,,
,,,,,,,,,,,,,,,,
,,,,,,,,,,,,,,,,
,,,,,,,,,,,,,,,,
,,,,,,,,,,,,,,,,
,,,,,,,,,,,,,,,,
,,,,,,,,,,,,,,,,
,,,,,,,,,,,,,,,,
,,,,,,,,,,,,,,,,
,,,,,,,,,,,,,,,,
,,,,,,,,,,,,,,,,
,,,,,,,,,,,,,,,,
,,,,,,,,,,,,,,,,
,,,,,,,,,,,,,,,,
,,,,,,,,,,,,,,,,
,,,,,,,,,,,,,,,,
,,,,,,,,,,,,,,,,
,,,,,,,,,,,,,,,,
,,,,,,,,,,,,,,,,
,,,,,,,,,,,,,,,,
,,,,,,,,,,,,,,,,
,,,,,,,,,,,,,,,,
,,,,,,,,,,,,,,,,
,,,,,,,,,,,,,,,,
,,,,,,,,,,,,,,,,
,,,,,,,,,,,,,,,,
,,,,,,,,,,,,,,,,
,,,,,,,,,,,,,,,,
,,,,,,,,,,,,,,,,
,,,,,,,,,,,,,,,,
,,,,,,,,,,,,,,,,
,,,,,,,,,,,,,,,,
,,,,,,,,,,,,,,,,
,,,,,,,,,,,,,,,,
,,,,,,,,,,,,,,,,
,,,,,,,,,,,,,,,,
,,,,,,,,,,,,,,,,
,,,,,,,,,,,,,,,,
,,,,,,,,,,,,,,,,
,,,,,,,,,,,,,,,,
,,,,,,,,,,,,,,,,
,,,,,,,,,,,,,,,,
,,,,,,,,,,,,,,,,
,,,,,,,,,,,,,,,,
,,,,,,,,,,,,,,,,
,,,,,,,,,,,,,,,,
,,,,,,,,,,,,,,,,
,,,,,,,,,,,,,,,,
,,,,,,,,,,,,,,,,
,,,,,,,,,,,,,,,,
,,,,,,,,,,,,,,,,
,,,,,,,,,,,,,,,,
,,,,,,,,,,,,,,,,
,,,,,,,,,,,,,,,,
,,,,,,,,,,,,,,,,
,,,,,,,,,,,,,,,,
,,,,,,,,,,,,,,,,
,,,,,,,,,,,,,,,,
,,,,,,,,,,,,,,,,
,,,,,,,,,,,,,,,,
,,,,,,,,,,,,,,,,
,,,,,,,,,,,,,,,,
,,,,,,,,,,,,,,,,
,,,,,,,,,,,,,,,,
,,,,,,,,,,,,,,,,
,,,,,,,,,,,,,,,,
,,,,,,,,,,,,,,,,
,,,,,,,,,,,,,,,,
,,,,,,,,,,,,,,,,
,,,,,,,,,,,,,,,,
,,,,,,,,,,,,,,,,
,,,,,,,,,,,,,,,,
,,,,,,,,,,,,,,,,
,,,,,,,,,,,,,,,,
,,,,,,,,,,,,,,,,
,,,,,,,,,,,,,,,,
,,,,,,,,,,,,,,,,
,,,,,,,,,,,,,,,,
,,,,,,,,,,,,,,,,
,,,,,,,,,,,,,,,,
,,,,,,,,,,,,,,,,
,,,,,,,,,,,,,,,,
,,,,,,,,,,,,,,,,
,,,,,,,,,,,,,,,,
,,,,,,,,,,,,,,,,
,,,,,,,,,,,,,,,,
,,,,,,,,,,,,,,,,
,,,,,,,,,,,,,,,,
,,,,,,,,,,,,,,,,
,,,,,,,,,,,,,,,,
,,,,,,,,,,,,,,,,
,,,,,,,,,,,,,,,,
,,,,,,,,,,,,,,,,
,,,,,,,,,,,,,,,,
,,,,,,,,,,,,,,,,
,,,,,,,,,,,,,,,,
,,,,,,,,,,,,,,,,
,,,,,,,,,,,,,,,,
,,,,,,,,,,,,,,,,
,,,,,,,,,,,,,,,,
,,,,,,,,,,,,,,,,
,,,,,,,,,,,,,,,,
,,,,,,,,,,,,,,,,
,,,,,,,,,,,,,,,,
,,,,,,,,,,,,,,,,
,,,,,,,,,,,,,,,,
,,,,,,,,,,,,,,,,
,,,,,,,,,,,,,,,,
,,,,,,,,,,,,,,,,
,,,,,,,,,,,,,,,,
,,,,,,,,,,,,,,,,
,,,,,,,,,,,,,,,,
,,,,,,,,,,,,,,,,
,,,,,,,,,,,,,,,,
,,,,,,,,,,,,,,,,
,,,,,,,,,,,,,,,,
,,,,,,,,,,,,,,,,
,,,,,,,,,,,,,,,,
,,,,,,,,,,,,,,,,
,,,,,,,,,,,,,,,,
,,,,,,,,,,,,,,,,
,,,,,,,,,,,,,,,,
,,,,,,,,,,,,,,,,
,,,,,,,,,,,,,,,,
,,,,,,,,,,,,,,,,
,,,,,,,,,,,,,,,,
,,,,,,,,,,,,,,,,
,,,,,,,,,,,,,,,,
,,,,,,,,,,,,,,,,
,,,,,,,,,,,,,,,,
,,,,,,,,,,,,,,,,
,,,,,,,,,,,,,,,,
,,,,,,,,,,,,,,,,
,,,,,,,,,,,,,,,,
,,,,,,,,,,,,,,,,
,,,,,,,,,,,,,,,,
,,,,,,,,,,,,,,,,
,,,,,,,,,,,,,,,,
,,,,,,,,,,,,,,,,
,,,,,,,,,,,,,,,,
,,,,,,,,,,,,,,,,
,,,,,,,,,,,,,,,,
,,,,,,,,,,,,,,,,
,,,,,,,,,,,,,,,,
,,,,,,,,,,,,,,,,
,,,,,,,,,,,,,,,,
,,,,,,,,,,,,,,,,
,,,,,,,,,,,,,,,,
,,,,,,,,,,,,,,,,
,,,,,,,,,,,,,,,,
,,,,,,,,,,,,,,,,
,,,,,,,,,,,,,,,,
,,,,,,,,,,,,,,,,
,,,,,,,,,,,,,,,,
,,,,,,,,,,,,,,,,
,,,,,,,,,,,,,,,,
,,,,,,,,,,,,,,,,
,,,,,,,,,,,,,,,,
,,,,,,,,,,,,,,,,
,,,,,,,,,,,,,,,,
,,,,,,,,,,,,,,,,
,,,,,,,,,,,,,,,,
,,,,,,,,,,,,,,,,
,,,,,,,,,,,,,,,,
,,,,,,,,,,,,,,,,
,,,,,,,,,,,,,,,,
,,,,,,,,,,,,,,,,
,,,,,,,,,,,,,,,,
,,,,,,,,,,,,,,,,
,,,,,,,,,,,,,,,,
,,,,,,,,,,,,,,,,
,,,,,,,,,,,,,,,,
,,,,,,,,,,,,,,,,
,,,,,,,,,,,,,,,,
,,,,,,,,,,,,,,,,
,,,,,,,,,,,,,,,,
,,,,,,,,,,,,,,,,
,,,,,,,,,,,,,,,,
,,,,,,,,,,,,,,,,
,,,,,,,,,,,,,,,,
,,,,,,,,,,,,,,,,
,,,,,,,,,,,,,,,,
,,,,,,,,,,,,,,,,
,,,,,,,,,,,,,,,,
,,,,,,,,,,,,,,,,
,,,,,,,,,,,,,,,,
,,,,,,,,,,,,,,,,
