Timestamp,Acid Gas Temperature,Acid Gas Pressure,Acid Gas H2S,Effluent H2S
Categories,Independent,Independent,Independent,Dependent
30/4/2016 13:00,35,0.75,75,13.4313
30/4/2016 13:01,42.5,0.625,87.5,16.5152
30/4/2016 13:02,27.5,0.875,62.5,10.4013
30/4/2016 13:03,31.25,0.6875,81.25,15.0108
30/4/2016 13:04,46.25,0.9375,56.25,8.8164
30/4/2016 13:05,38.75,0.5625,68.75,11.6425
30/4/2016 13:06,23.75,0.8125,93.75,18.5273
30/4/2016 13:07,25.63,0.6563,65.625,11.0171
30/4/2016 13:08,40.63,0.9063,90.625,17.668
30/4/2016 13:09,48.13,0.5313,78.125,13.9314
30/4/2016 13:10,33.13,0.7813,53.125,8.0271
30/4/2016 13:11,29.38,0.5938,96.875,19.064
30/4/2016 13:12,44.38,0.8438,71.875,12.6556
30/4/2016 13:13,36.88,0.7188,59.375,9.4685
30/4/2016 13:14,21.88,0.9688,84.375,16.1794
30/4/2016 13:15,22.81,0.7344,92.1875,18.0246
30/4/2016 13:16,37.81,0.9844,67.1875,11.6091
30/4/2016 13:17,45.31,0.6094,54.6875,8.2248
30/4/2016 13:18,30.31,0.8594,79.6875,14.7844
30/4/2016 13:19,34.06,0.5469,73.4375,12.8372
30/4/2016 13:20,49.06,0.7969,98.4375,19.5888
30/4/2016 13:21,41.56,0.6719,85.9375,16.163
30/4/2016 13:22,26.56,0.9219,60.9375,10.0504
30/4/2016 13:23,24.69,0.5781,76.5625,13.7201
30/4/2016 13:24,39.69,0.8281,51.5625,7.6597
30/4/2016 13:25,47.19,0.7031,64.0625,10.5543
30/4/2016 13:26,32.19,0.9531,89.0625,17.3491
30/4/2016 13:27,28.44,0.6406,57.8125,9.0707
30/4/2016 13:28,43.44,0.8906,82.8125,15.551
30/4/2016 13:29,35.94,0.5156,95.3125,18.4922
30/4/2016 13:30,20.94,0.7656,70.3125,12.3173
30/4/2016 13:31,21.41,0.6328,80.4688,14.8131
30/4/2016 13:32,36.41,0.8828,55.4688,8.6383
30/4/2016 13:33,43.91,0.5078,67.9688,11.3661
30/4/2016 13:34,28.91,0.7578,92.9688,18.2163
30/4/2016 13:35,32.66,0.5703,61.7188,9.942
30/4/2016 13:36,47.66,0.8203,86.7188,16.4857
30/4/2016 13:37,40.16,0.6953,99.2188,19.7395
30/4/2016 13:38,25.16,0.9453,74.2188,13.4549
30/4/2016 13:39,27.03,0.5391,89.8438,17.1345
30/4/2016 13:40,42.03,0.7891,64.8438,10.8452
30/4/2016 13:41,49.53,0.6641,52.3438,7.6954
30/4/2016 13:42,34.53,0.9141,77.3438,14.193
30/4/2016 13:43,30.78,0.7266,71.0938,12.4322
30/4/2016 13:44,45.78,0.9766,96.0938,19.1793
30/4/2016 13:45,38.28,0.6016,83.5938,15.4913
30/4/2016 13:46,23.28,0.8516,58.5938,9.4383
30/4/2016 13:47,22.34,0.6172,63.2813,10.4177
30/4/2016 13:48,37.34,0.8672,88.2813,17.0234
30/4/2016 13:49,44.84,0.7422,75.7813,13.5649
30/4/2016 13:50,29.84,0.9922,50.7812,7.6116
30/4/2016 13:51,33.59,0.6797,94.5313,18.5092
30/4/2016 13:52,48.59,0.9297,69.5313,12.1028
30/4/2016 13:53,41.09,0.5547,57.0313,8.7578
30/4/2016 13:54,26.09,0.8047,82.0313,15.3698
30/4/2016 13:55,24.22,0.7109,53.9063,8.2045
30/4/2016 13:56,39.22,0.9609,78.9063,14.6144
30/4/2016 13:57,46.72,0.5859,91.4063,17.4708
30/4/2016 13:58,31.72,0.8359,66.4063,11.3299
30/4/2016 13:59,27.97,0.5234,85.1563,15.8726
30/4/2016 14:00,42.97,0.7734,60.1563,9.67
30/4/2016 14:01,35.47,0.6484,72.6563,12.7309
30/4/2016 14:02,20.47,0.8984,97.6563,19.7095
30/4/2016 14:03,20.7,0.6992,72.2656,12.759
30/4/2016 14:04,35.7,0.9492,97.2656,19.5393
30/4/2016 14:05,43.2,0.5742,84.7656,15.7331
30/4/2016 14:06,28.2,0.8242,59.7656,9.6835
30/4/2016 14:07,31.95,0.5117,91.0156,17.3746
30/4/2016 14:08,46.95,0.7617,66.0156,11.0892
30/4/2016 14:09,39.45,0.6367,53.5156,7.9947
30/4/2016 14:10,24.45,0.8867,78.5156,14.5324
30/4/2016 14:11,26.33,0.6055,56.6406,8.7718
30/4/2016 14:12,41.33,0.8555,81.6406,15.2225
30/4/2016 14:13,48.83,0.7305,94.1406,18.3567
30/4/2016 14:14,33.83,0.9805,69.1406,12.1271
30/4/2016 14:15,30.08,0.668,75.3906,13.4831
30/4/2016 14:16,45.08,0.918,50.3906,7.4148
30/4/2016 14:17,37.58,0.543,62.8906,10.18
30/4/2016 14:18,22.58,0.793,87.8906,16.9389
30/4/2016 14:19,23.52,0.5586,83.2031,15.4322
30/4/2016 14:20,38.52,0.8086,58.2031,9.2407
30/4/2016 14:21,46.02,0.6836,70.7031,12.2059
30/4/2016 14:22,31.02,0.9336,95.7031,19.1339
30/4/2016 14:23,34.77,0.7461,51.9531,7.7211
30/4/2016 14:24,49.77,0.9961,76.9531,14.0656
30/4/2016 14:25,42.27,0.6211,89.4531,17.0285
30/4/2016 14:26,27.27,0.8711,64.4531,10.8888
30/4/2016 14:27,25.39,0.6523,98.8281,19.6972
30/4/2016 14:28,40.39,0.9023,73.8281,13.2322
30/4/2016 14:29,47.89,0.5273,61.3281,9.7336
30/4/2016 14:30,32.89,0.7773,86.3281,16.4332
30/4/2016 14:31,29.14,0.5898,67.5781,11.4276
30/4/2016 14:32,44.14,0.8398,92.5781,18.0963
30/4/2016 14:33,36.64,0.7148,80.0781,14.7048
30/4/2016 14:34,21.64,0.9648,55.0781,8.6614
30/4/2016 14:35,21.17,0.5664,96.4844,18.9863
30/4/2016 14:36,36.17,0.8164,71.4844,12.5802
30/4/2016 14:37,43.67,0.6914,58.9844,9.32
30/4/2016 14:38,28.67,0.9414,83.9844,16.0029
30/4/2016 14:39,32.42,0.6289,65.2344,10.8603
30/4/2016 14:40,47.42,0.8789,90.2344,17.485
30/4/2016 14:41,39.92,0.5039,77.7344,13.853
30/4/2016 14:42,24.92,0.7539,52.7344,7.9519
30/4/2016 14:43,26.8,0.7227,87.1094,16.625
30/4/2016 14:44,41.8,0.9727,62.1094,10.3007
30/4/2016 14:45,49.3,0.5977,74.6094,13.0954
30/4/2016 14:46,34.3,0.8477,99.6094,20.0756
30/4/2016 14:47,30.55,0.5352,55.8594,8.5122
30/4/2016 14:48,45.55,0.7852,80.8594,14.921
30/4/2016 14:49,38.05,0.6602,93.3594,18.1377
30/4/2016 14:50,23.05,0.9102,68.3594,11.9321
30/4/2016 14:51,22.11,0.6758,60.5469,9.7933
30/4/2016 14:52,37.11,0.9258,85.5469,16.3537
30/4/2016 14:53,44.61,0.5508,98.0469,19.2108
30/4/2016 14:54,29.61,0.8008,73.0469,13.0063
30/4/2016 14:55,33.36,0.6133,79.2969,14.4168
30/4/2016 14:56,48.36,0.8633,54.2969,8.2907
30/4/2016 14:57,40.86,0.7383,66.7969,11.2987
30/4/2016 14:58,25.86,0.9883,91.7969,18.169
30/4/2016 14:59,23.98,0.5195,69.9219,11.9711
30/4/2016 15:00,38.98,0.7695,94.9219,18.6786
30/4/2016 15:01,46.48,0.6445,82.4219,15.1774
30/4/2016 15:02,31.48,0.8945,57.4219,9.1423
30/4/2016 15:03,27.73,0.707,88.6719,17.0169
30/4/2016 15:04,42.73,0.957,63.6719,10.6751
30/4/2016 15:05,35.23,0.582,51.1719,7.4282
30/4/2016 15:06,20.23,0.832,76.1719,13.895
30/4/2016 15:07,20.35,0.666,89.2578,17.179
30/4/2016 15:08,35.35,0.916,64.2578,10.8311
30/4/2016 15:09,42.85,0.541,51.7578,7.5029
30/4/2016 15:10,27.85,0.791,76.7578,13.9625
30/4/2016 15:11,31.6,0.6035,70.5078,12.1644
30/4/2016 15:12,46.6,0.8535,95.5078,18.8814
30/4/2016 15:13,39.1,0.7285,83.0078,15.4698
30/4/2016 15:14,24.1,0.9785,58.0078,9.3753
30/4/2016 15:15,25.98,0.5098,79.8828,14.4951
30/4/2016 15:16,40.98,0.7598,54.8828,8.3961
30/4/2016 15:17,48.48,0.6348,67.3828,11.3133
30/4/2016 15:18,33.48,0.8848,92.3828,18.1638
30/4/2016 15:19,29.73,0.6973,61.1328,9.9169
30/4/2016 15:20,44.73,0.9473,86.1328,16.4775
30/4/2016 15:21,37.23,0.5723,98.6328,19.4467
30/4/2016 15:22,22.23,0.8223,73.6328,13.2141
30/4/2016 15:23,23.16,0.5879,53.3203,7.9842
30/4/2016 15:24,38.16,0.8379,78.3203,14.3559
30/4/2016 15:25,45.66,0.7129,90.8203,17.4735
30/4/2016 15:26,30.66,0.9629,65.8203,11.2848
30/4/2016 15:27,34.41,0.6504,84.5703,15.8282
30/4/2016 15:28,49.41,0.9004,59.5703,9.585
30/4/2016 15:29,41.91,0.5254,72.0703,12.4224
30/4/2016 15:30,26.91,0.7754,97.0703,19.3597
30/4/2016 15:31,25.04,0.7441,62.6953,10.3629
30/4/2016 15:32,40.04,0.9941,87.6953,16.9735
30/4/2016 15:33,47.54,0.6191,75.1953,13.2775
30/4/2016 15:34,32.54,0.8691,50.1953,7.393
30/4/2016 15:35,28.79,0.5566,93.9453,18.2354
30/4/2016 15:36,43.79,0.8066,68.9453,11.8813
30/4/2016 15:37,36.29,0.6816,56.4453,8.7362
30/4/2016 15:38,21.29,0.9316,81.4453,15.3681
30/4/2016 15:39,21.76,0.5332,66.6016,11.1644
30/4/2016 15:40,36.76,0.7832,91.6016,17.8189
30/4/2016 15:41,44.26,0.6582,79.1016,14.3435
30/4/2016 15:42,29.26,0.9082,54.1016,8.3571
30/4/2016 15:43,33.01,0.7207,97.8516,19.4582
30/4/2016 15:44,48.01,0.9707,72.8516,12.9908
30/4/2016 15:45,40.51,0.5957,60.3516,9.5915
30/4/2016 15:46,25.51,0.8457,85.3516,16.2954
30/4/2016 15:47,27.38,0.627,50.9766,7.4457
30/4/2016 15:48,42.38,0.877,75.9766,13.7545
30/4/2016 15:49,49.88,0.502,88.4766,16.5708
30/4/2016 15:50,34.88,0.752,63.4766,10.5129
30/4/2016 15:51,31.13,0.5645,82.2266,15.1328
30/4/2016 15:52,46.13,0.8145,57.2266,8.9718
30/4/2016 15:53,38.63,0.6895,69.7266,12.0066
30/4/2016 15:54,23.63,0.9395,94.7266,18.9311
30/4/2016 15:55,22.7,0.7051,77.5391,14.1152
30/4/2016 15:56,37.7,0.9551,52.5391,7.9748
30/4/2016 15:57,45.2,0.5801,65.0391,10.7009
30/4/2016 15:58,30.2,0.8301,90.0391,17.4993
30/4/2016 15:59,33.95,0.5176,58.7891,9.1816
30/4/2016 16:00,48.95,0.7676,83.7891,15.6486
30/4/2016 16:01,41.45,0.6426,96.2891,18.8831
30/4/2016 16:02,26.45,0.8926,71.2891,12.6507
30/4/2016 16:03,24.57,0.6113,93.1641,18.127
30/4/2016 16:04,39.57,0.8613,68.1641,11.7519
30/4/2016 16:05,47.07,0.7363,55.6641,8.5385
30/4/2016 16:06,32.07,0.9863,80.6641,15.1469
30/4/2016 16:07,28.32,0.6738,74.4141,13.2479
30/4/2016 16:08,43.32,0.9238,99.4141,20.0447
30/4/2016 16:09,35.82,0.5488,86.9141,16.3101
30/4/2016 16:10,20.82,0.7988,61.9141,10.2321
30/4/2016 16:11,20.59,0.5996,86.5234,16.3738
30/4/2016 16:12,35.59,0.8496,61.5234,10.0993
30/4/2016 16:13,43.09,0.7246,74.0234,13.1072
30/4/2016 16:14,28.09,0.9746,99.0234,20.1072
30/4/2016 16:15,31.84,0.6621,55.2734,8.4623
30/4/2016 16:16,46.84,0.9121,80.2734,14.8798
30/4/2016 16:17,39.34,0.5371,92.7734,17.8186
30/4/2016 16:18,24.34,0.7871,67.7734,11.676
30/4/2016 16:19,26.21,0.6934,95.8984,18.9502
30/4/2016 16:20,41.21,0.9434,70.8984,12.5064
30/4/2016 16:21,48.71,0.5684,58.3984,9.0588
30/4/2016 16:22,33.71,0.8184,83.3984,15.7007
30/4/2016 16:23,29.96,0.5059,64.6484,10.6173
30/4/2016 16:24,44.96,0.7559,89.6484,17.2148
30/4/2016 16:25,37.46,0.6309,77.1484,13.8536
30/4/2016 16:26,22.46,0.8809,52.1484,7.9025
30/4/2016 16:27,23.4,0.6465,69.3359,11.948
30/4/2016 16:28,38.4,0.8965,94.3359,18.6746
30/4/2016 16:29,45.9,0.5215,81.8359,14.8913
30/4/2016 16:30,30.9,0.7715,56.8359,8.919
30/4/2016 16:31,34.65,0.584,88.0859,16.6695
30/4/2016 16:32,49.65,0.834,63.0859,10.4023
30/4/2016 16:33,42.15,0.709,50.5859,7.3476
30/4/2016 16:34,27.15,0.959,75.5859,13.8178
30/4/2016 16:35,25.27,0.5527,59.9609,9.5353
30/4/2016 16:36,40.27,0.8027,84.9609,16.0536
30/4/2016 16:37,47.77,0.6777,97.4609,19.1922
30/4/2016 16:38,32.77,0.9277,72.4609,12.9455
30/4/2016 16:39,29.02,0.7402,78.7109,14.4152
30/4/2016 16:40,44.02,0.9902,53.7109,8.2475
30/4/2016 16:41,36.52,0.6152,66.2109,11.0693
30/4/2016 16:42,21.52,0.8652,91.2109,17.9153
30/4/2016 16:43,21.05,0.7324,57.6172,9.1258
30/4/2016 16:44,36.05,0.9824,82.6172,15.6349
30/4/2016 16:45,43.55,0.6074,95.1172,18.509
30/4/2016 16:46,28.55,0.8574,70.1172,12.3085
30/4/2016 16:47,32.3,0.5449,76.3672,13.5943
30/4/2016 16:48,47.3,0.7949,51.3672,7.5612
30/4/2016 16:49,39.8,0.6699,63.8672,10.5175
30/4/2016 16:50,24.8,0.9199,88.8672,17.3165
30/4/2016 16:51,26.68,0.5762,73.2422,12.8543
30/4/2016 16:52,41.68,0.8262,98.2422,19.6287
30/4/2016 16:53,49.18,0.7012,85.7422,16.0905
30/4/2016 16:54,34.18,0.9512,60.7422,9.9845
30/4/2016 16:55,30.43,0.6387,91.9922,17.8036
30/4/2016 16:56,45.43,0.8887,66.9922,11.4444
30/4/2016 16:57,37.93,0.5137,54.4922,8.1402
30/4/2016 16:58,22.93,0.7637,79.4922,14.6819
30/4/2016 16:59,21.99,0.5293,99.8047,19.8245
30/4/2016 17:00,36.99,0.7793,74.8047,13.396
30/4/2016 17:01,44.49,0.6543,62.3047,10.0956
30/4/2016 17:02,29.49,0.9043,87.3047,16.848
30/4/2016 17:03,33.24,0.7168,68.5547,11.7649
30/4/2016 17:04,48.24,0.9668,93.5547,18.4626
30/4/2016 17:05,40.74,0.5918,81.0547,14.8022
30/4/2016 17:06,25.74,0.8418,56.0547,8.8013
30/4/2016 17:07,23.87,0.6855,84.1797,15.8285
30/4/2016 17:08,38.87,0.9355,59.1797,9.5649
30/4/2016 17:09,46.37,0.5605,71.6797,12.3331
30/4/2016 17:10,31.37,0.8105,96.6797,19.2599
30/4/2016 17:11,27.62,0.623,52.9297,7.8984
30/4/2016 17:12,42.62,0.873,77.9297,14.2579
30/4/2016 17:13,35.12,0.748,90.4297,17.4783
30/4/2016 17:14,20.12,0.998,65.4297,11.2672
30/4/2016 17:15,20.18,0.749,82.7148,15.5334
30/4/2016 17:16,35.18,0.999,57.7148,9.2644
30/4/2016 17:17,42.68,0.624,70.2148,12.0466
30/4/2016 17:18,27.68,0.874,95.2148,18.9624
30/4/2016 17:19,31.43,0.5615,51.4648,7.4975
30/4/2016 17:20,46.43,0.8115,76.4648,13.7965
30/4/2016 17:21,38.93,0.6865,88.9648,16.999
30/4/2016 17:22,23.93,0.9365,63.9648,10.8318
30/4/2016 17:23,25.8,0.5928,98.3398,19.485
30/4/2016 17:24,40.8,0.8428,73.3398,13.0523
30/4/2016 17:25,48.3,0.7178,60.8398,9.7683
30/4/2016 17:26,33.3,0.9678,85.8398,16.4987
30/4/2016 17:27,29.55,0.6553,67.0898,11.3622
30/4/2016 17:28,44.55,0.9053,92.0898,18.0318
30/4/2016 17:29,37.05,0.5303,79.5898,14.3783
30/4/2016 17:30,22.05,0.7803,54.5898,8.4238
30/4/2016 17:31,22.99,0.5146,74.9023,13.2367
30/4/2016 17:32,37.99,0.7646,99.9023,20.0273
30/4/2016 17:33,45.49,0.6396,87.4023,16.4852
30/4/2016 17:34,30.49,0.8896,62.4023,10.3725
30/4/2016 17:35,34.24,0.7021,93.6523,18.2952
30/4/2016 17:36,49.24,0.9521,68.6523,11.8929
30/4/2016 17:37,41.74,0.5771,56.1523,8.5634
30/4/2016 17:38,26.74,0.8271,81.1523,15.1557
30/4/2016 17:39,24.86,0.6709,59.2773,9.4659
30/4/2016 17:40,39.86,0.9209,84.2773,15.9923
30/4/2016 17:41,47.36,0.5459,96.7773,18.8433
30/4/2016 17:42,32.36,0.7959,71.7773,12.6596
30/4/2016 17:43,28.61,0.6084,78.0273,14.1058
30/4/2016 17:44,43.61,0.8584,53.0273,8.007
30/4/2016 17:45,36.11,0.7334,65.5273,11.0024
30/4/2016 17:46,21.11,0.9834,90.5273,17.8549
30/4/2016 17:47,21.58,0.6162,61.6211,10.0114
30/4/2016 17:48,36.58,0.8662,86.6211,16.5847
30/4/2016 17:49,44.08,0.7412,99.1211,19.7469
30/4/2016 17:50,29.08,0.9912,74.1211,13.4507
30/4/2016 17:51,32.83,0.6787,80.3711,14.7687
30/4/2016 17:52,47.83,0.9287,55.3711,8.5914
30/4/2016 17:53,40.33,0.5537,67.8711,11.4057
30/4/2016 17:54,25.33,0.8037,92.8711,18.2683
30/4/2016 17:55,27.21,0.71,70.9961,12.4127
30/4/2016 17:56,42.21,0.96,95.9961,19.163
30/4/2016 17:57,49.71,0.585,83.4961,15.3695
30/4/2016 17:58,34.71,0.835,58.4961,9.3487
30/4/2016 17:59,30.96,0.5225,89.7461,17.0595
30/4/2016 18:00,49.88,0.999,99.9023,20.1072
30/4/2016 18:01,20.12,0.502,50.1953,7.3476
